作物,年份,1月價格,2月價格,3月價格,4月價格,5月價格,6月價格,7月價格,8月價格,9月價格,10月價格,11月價格,12月價格,
蘿蔔(元/公斤),2016,6.44,14.28,16.77,13.40,11.87,13.25,14.64,9.88,10,20.01,20,9.15,
白玉蘿蔔(元/公斤),2016,-,-,-,-,-,-,-,-,-,-,-,-,
胡蘿蔔(元/公斤),2016,16.63,15.63,15.36,18.17,20.08,23,24.23,24.53,25.50,38.67,37.83,27.67,
山藥(元/公斤),2016,40.50,40,40,40,-,-,-,-,50.83,52.83,43.83,41,
牛蒡(元/公斤),2016,-,-,27.67,26.33,-,-,-,-,-,-,-,-,
生薑(嫩薑)(元/公斤),2016,-,-,-,-,61.67,51,51.50,48,42.33,35.50,-,-,
生薑(老薑粉薑)(元/公斤),2016,42.17,52.01,45.89,36.38,33.63,28.33,43.33,52,43.33,43.33,40,35,
芋頭(元/公斤),2016,56.11,60.29,65,75.33,64,56.67,50,46.67,45,39.38,39.49,36.05,
綠竹筍(元/公斤),2016,-,-,-,124.50,126.30,75.68,88.97,71.53,60.47,89.33,-,-,
烏殼;綠竹筍(元/公斤),2016,-,-,-,47.33,34.67,26.67,26.67,26,25,55.67,-,-,
麻竹筍(元/公斤),2016,36.67,40,50,42.78,42.50,30.61,24.75,25.33,23.92,59.78,35,16,
桂竹筍(生筍)(元/公斤 ),2016,-,-,-,31.02,29.75,-,-,-,-,-,-,-,
轎篙筍(元/公斤),2016,-,-,-,-,32,32,-,-,-,-,-,-,
白蘆筍(元/公斤),2016,-,-,-,-,86.67,98.33,153.83,147,145.50,112.67,-,-,
綠蘆筍(元/公斤),2016,-,-,124.17,138.06,150.48,116.25,115.56,121.67,126.11,153.89,186.67,200,
茭白筍(帶殼)(元/公斤),2016,-,90,94,85,60.67,58.33,56.67,59,66.67,62,71.67,-,
大芥菜(鮮食)(元/公斤),2016,11.55,29.25,-,-,-,-,-,-,-,-,-,-,
馬鈴薯(食用)(元/公斤),2016,21.04,25.32,23.92,24.42,24.53,24.50,25.27,25.70,26.17,27.17,29,22.70,
加工麻竹筍(元/公斤),2016,-,-,-,-,-,20.22,14.17,11.32,11.64,-,-,-,
青蔥(元/公斤),,85.46,88.48,73.37,40.40,25.99,21.23,21.65,27.26,42.47,100.09,76.63,50.77,
青蔥(北蔥)(元/公斤),,-,-,-,-,-,-,-,-,-,-,-,-,
蔥頭(元/公斤),2016,-,-,-,-,-,-,-,-,-,-,-,-,
洋蔥(內銷)(元/公斤),,12.50,13,14.46,16.12,23.53,25,25,-,-,-,-,16,
洋蔥(外銷)(元/公斤),2016,-,-,-,-,-,-,-,-,-,-,-,-,
青蒜(元/公斤),2016,61.50,90.63,59.62,59.38,-,-,-,-,-,-,-,70.29,
蒜頭(蒜球)(元/公斤),2016,-,78,75.80,106.09,156.16,135.13,118.81,127.18,135.18,143.49,143.02,144.83,
荸薺(元/公斤),2016,-,-,-,-,-,-,-,-,-,-,-,-,
韭菜(元/公斤),2016,39.56,43.17,43.22,33.22,21.78,23.56,27.67,30.11,44.11,92.44,68,42.33,
韭黃(元/公斤),2016,-,-,-,-,-,-,-,-,-,-,-,-,
蕹菜(空心菜)(元/公斤),2016,41.76,66.23,57.13,41.77,20.38,20.33,23.29,20.35,35.23,50,38.77,36,
芹菜(土芹菜)(元/公斤),2016,29.17,57.72,33.68,53.63,23.33,-,-,-,-,-,-,-,
甘藍(元/公斤),2016,7.57,21.75,30.41,22.99,11.38,13.05,15.01,26.41,26.05,26.67,46.95,13.54,
甘藍芽(元/公斤),2016,-,-,-,-,-,-,-,-,-,-,-,-,
小白菜(元/公斤),2016,27.06,47,27.70,19.26,17.08,20.67,24.50,15,31.50,47.99,19.19,15.03,
青江白菜(元/公斤),2016,25.56,43.72,30.69,27.33,12.58,17.63,22.19,16.82,23.78,48.50,23.35,13.69,
結球白菜(元/ 公斤),2016,9.86,25.62,24.63,13.83,11.20,13.52,14.52,19.57,18.03,27.05,24.74,9.23,
結球白菜(成功白)(元/公斤),2016,-,-,-,-,-,-,-,-,-,-,-,-,
菠菜(元/公斤),2016,28.38,50.97,37.23,35.85,-,42.28,71.67,54.07,53.80,75.18,47.87,22.13,
芥藍(元/公斤),2016,-,-,-,-,-,-,-,-,-,-,-,-,
莧菜(元/公斤),2016,33.22,-,52.35,39.97,18.83,25.15,27.43,23.40,30.60,55.69,44.23,30.71,
本島萵苣(元/公斤),2016,24,52.45,36.72,24.26,16.87,-,-,-,-,-,-,-,
萵苣(油麥菜)(元/公斤),2016,18.92,45.80,23.62,19.18,12.03,-,-,-,-,-,-,-,
茼萵(元/公斤),2016,41.67,44.44,24.70,17,-,-,-,-,-,69.50,49.44,34.59,
花椰菜(白)(元/公斤),2016,15.55,29.63,35.84,28.36,32.29,32.75,35.73,38.44,42.89,69.37,70.03,29.11,
青花苔(元/公斤),2016,20.86,36.38,37.67,32.88,-,-,-,-,-,-,-,-,
金針菜  (乾)(元/公斤),2016,580.67,579,548.83,533.33,551.67,531.11,553.33,557.33,602.56,608.45,628.67,600.83,
越瓜(元/公斤),2016,-,-,-,-,-,-,-,-,-,-,-,-,
胡瓜(黑刺)(元/公斤),2016,24.98,58.46,50.44,19.73,7.27,10.18,18.26,18.18,20.99,46.95,26.35,8.71,
胡瓜(白刺)(元/公斤),2016,-,-,-,-,-,-,-,-,-,-,-,-,
花胡瓜(元/公斤),2016,38.56,95.12,74.06,25.69,14.26,29,45.38,29.32,36.28,89.56,41.25,18.71,
冬瓜(元/公斤),2016,15,16,30.85,35.28,15.83,8.67,8,8,9,16.55,24.25,19.33,
苦瓜(元/公斤),2016,35.02,69.38,84.49,45.50,29.71,24.46,22.73,25.38,39.85,92.58,68.66,48.79,
絲瓜(菱角)(元/公斤),2016,-,-,-,-,-,-,-,-,-,-,-,-,
絲瓜(元/公斤),2016,28.65,49.30,43.15,37.08,17.32,15.62,17.48,16.82,19.08,52.58,35.03,25.05,
扁蒲(元/公斤),2016,14.05,38.42,35.83,26.60,9.29,-,-,-,-,43.17,34,14.80,
茄子(元/公斤),2016,28.53,37.75,31.09,27.55,19.86,24.28,20.91,25.58,38.43,97.55,46.92,54.73,
番茄(黑柿)(元/公斤),2016,25.66,34.80,43.38,44.95,48,36.67,23.33,26.35,37,61.03,90.50,60.42,
小蕃茄(聖女)(元/公斤),2016,73.45,39.50,54.22,71.67,64.33,58.33,45.67,73.33,65,79,157.06,104.78,
甜椒(青椒)(元/公斤),2016,24.83,43.46,42.89,37.96,22.33,35.93,34.78,20.50,33.88,79.90,95.18,43.38,
西瓜(大粒)(元/公斤),2016,-,-,-,24.34,21.68,12.59,20.78,17.25,-,-,-,-,
西瓜(小粒)(元/公斤),2016,-,-,25,20.47,21.50,11.57,18.17,21.83,7.81,25,-,-,
西瓜(無子)(元/公斤),2016,-,-,-,-,-,-,-,-,-,-,-,-,
洋香瓜(元/ 公斤),2016,37.42,37,52.36,53.31,38.83,27.08,32.20,29.43,25.25,39.72,54.33,35,
洋香瓜(網狀紅肉)(元/公斤),2016,-,-,-,-,-,-,-,-,-,-,-,-,
洋香瓜(網狀青肉)(元/公斤),2016,-,-,-,-,-,-,-,-,-,-,-,-,
洋香瓜(光面青肉)(元/公斤),2016,-,-,-,-,-,-,-,-,-,-,-,-,
香瓜(美濃瓜)(元/公斤),2016,-,-,69.67,46.33,39.53,38.87,42.23,44.60,33.80,25.56,52.50,-,
敏豆(四季豆)(元/公斤),2016,53.07,95.42,74,59.50,52.42,55.23,74.93,86.86,106.59,140.20,96.83,49.29,
豇豆(元/公斤),2016,35.67,53.50,51.22,52.33,28,19.71,30.42,40.40,43.67,81.13,70.67,33.33,
豌豆(元/公斤),2016,62.55,118.54,70,98.33,-,-,-,-,-,-,121.58,82.63,
甜豌豆(元/公斤),2016,59,103.25,67.33,74,-,-,-,-,-,-,-,-,
毛豆(帶莢)(元/公斤),2016,22.84,19.20,19.20,19.20,17.92,-,-,-,-,-,-,-,
菜豆(元/公斤),2016,-,-,-,-,-,-,-,-,-,-,-,-,
辣椒(元/公斤),2016,42.50,48.75,87.09,92.91,75.64,53.50,81.20,87.67,95.67,111.37,151.34,103.68,
玉米筍(元/公斤),2016,-,-,-,-,-,-,-,-,-,-,-,-,
甜玉米(鮮食)(元/公斤),2016,19.37,26.24,26.97,24.34,18.61,14.34,15.97,20.63,14.88,27.19,55.27,23.53,
蓮藕(元/公斤),2016,81.50,-,-,-,-,-,-,45.67,38.33,41.33,41.33,40.67,
草莓(元/公斤),2016,235.56,266.67,185.56,95,-,-,-,-,-,-,-,115.67,
洋菇(元/公斤),2016,65.22,77.50,66.33,109.67,112.33,105.33,97.67,92.67,85,99.17,113,111.67,
香菇(太空包)乾(元/公斤),2016,1368.61,1438.75,1420,1453.33,1475.83,1454.17,1455,1450.83,1467.50,1436.67,1435.83,1448.33,
香菇(太空包)鮮(元/公斤),2016,92.11,93.17,92.33,94.89,96.67,95.67,97.34,97.34,98.11,97.33,96.78,96.56,
木耳(黑色溼)(元/公斤),2016,64.50,76.25,76.33,67.67,50.33,49.33,46,58,55,54.67,62.50,63.33,
鮑魚菇(元/公斤),2016,-,-,-,-,-,-,-,-,-,-,-,-,
杏鮑菇(元/公斤),2016,-,-,-,-,-,66.45,62.78,67.89,78.56,72.67,77.22,73.89,
菱角(元/公斤),2016,-,-,-,-,-,-,-,-,-,-,-,-,
葡萄柚(元/公斤),2016,19.33,24.50,29,23.67,-,-,-,-,17,20.11,20.51,19.58,
芒果(在來)(元/公斤),2016,-,-,61.66,69.69,82.04,60.46,-,-,-,-,-,-,
芒果(愛文)(元/公斤),2016,-,-,-,96.67,107.50,105.68,95.90,95.11,-,-,-,-,
芒果(金煌)(元/公斤),2016,-,-,-,-,61.90,55.96,51.51,69.42,-,-,-,-,
番石榴(泰國)(元/公斤),2016,-,-,-,-,-,-,-,-,-,-,-,-,
番石榴(世紀)(元/公斤),2016,-,-,-,-,-,-,-,-,-,-,-,-,
番石榴(珍珠)(元/公斤),2016,38.80,24.52,38.43,18.65,26.28,33.32,20.47,18.13,44.82,47.27,47.33,60.23,
番石榴(加工用)(元/公斤),2016,-,-,-,-,-,-,-,-,-,-,-,-,
蓮霧(元/公斤),2016,56.75,58.31,62.75,54.18,50.66,55.50,-,-,-,-,82.94,64.46,
枇杷(元/公斤),2016,-,85,139.25,124.44,-,-,-,-,-,-,-,-,
荔枝(黑葉)(元/公斤),2016,-,-,-,-,-,53.80,80,-,-,-,-,-,
荔枝(桂味)(元/公斤),2016,-,-,-,-,-,-,-,-,-,-,-,-,
荔枝(玉荷)(元/公斤),2016,-,-,-,-,173.78,125.79,-,-,-,-,-,-,
龍眼(大粒)(元/公斤),2016,-,-,-,-,-,-,93,65.41,43.75,-,-,-,
棗子(元/公斤),2016,51.01,46.02,56.14,-,-,-,-,-,-,-,-,59.75,
番荔枝(大目)(元/公斤),2016,58.76,65.09,74.75,-,-,-,130,90,60,93,84.36,82.47,
鳳梨釋迦(元/公斤),2016,-,-,-,-,-,-,-,-,-,-,-,-,
楊桃(馬來種)(元/公斤),2016,33.67,31.25,27,37.50,-,-,-,27,28.33,27.17,41.67,40,
楊桃(紅龍)(元/公斤),2016,-,-,-,-,-,-,-,-,-,-,-,-,
酪梨(元/公斤),2016,-,-,-,-,-,87.33,71.44,71.44,67.67,69.67,85,93.67,
椰子(元/公斤),2016,5.67,5.46,5.59,5.96,6.89,7.50,7.94,8.06,7,6.92,6.50,6.25,
檳榔(元/ 粒),2016,0.96,1.57,1.78,2.25,3.87,4.31,2.47,1.09,1.30,1.07,0.96,0.98,
彌猴桃(元/公斤),2016,-,-,-,-,-,-,-,-,-,-,-,-,
木瓜(元/公斤),2016,26.47,23.60,26.65,37.77,38.51,28.23,31.42,33.89,33.91,43.66,49.70,55.40,
百香果(元/公斤),2016,-,-,-,-,-,73,76.17,79.83,55,63.50,66.67,-,
香蕉(內銷)(元/公斤),2016,39.17,48.20,57.33,37.79,25.58,18.12,19.12,37.46,35.17,33.66,40.25,63.19,
香蕉(外銷)(元/公斤),2016,-,-,-,-,-,-,-,-,-,-,-,-,
鳳梨(開英)(元/公斤),2016,-,-,-,-,-,23.37,20.25,20.17,20,16.77,16.87,-,
鳳梨(17號)(元/公斤),2016,25.25,14.75,15.89,17.30,27.17,33.21,23.39,29.94,27.95,19.75,28.50,24.08,
?梨(元/公斤),2016,-,-,-,-,-,-,-,-,-,-,-,-,
鳳梨(牛奶)(元/公斤),2016,-,-,-,-,-,-,-,-,-,-,-,-,
紅龍果(元/公斤),2016,-,-,-,-,96.67,65.58,39.60,55.45,39.61,51.48,73.15,-,
椪柑(元/公斤),2016,39.48,27.50,-,-,-,-,-,-,-,44.34,35.69,31.49,
桶柑(元/公斤),2016,30.90,26.82,21.75,-,-,-,-,-,-,-,-,-,
文旦(元/公斤),2016,-,-,-,-,-,-,-,43.59,42.14,-,-,-,
柳橙(元/公斤),2016,19.88,19.07,21.95,-,-,-,-,-,-,22.82,22.13,23.61,
檸檬(元/公斤),2016,16.78,13.30,22.67,23.96,29.82,31.83,20.83,11.74,12.25,26.40,55.76,62.98,
檸檬(無籽)(元/公斤),2016,-,-,-,-,-,-,-,-,-,-,-,-,
海梨柑(元/公斤),2016,24.38,23.75,-,-,-,-,-,-,-,-,-,-,
茂谷柑(元/公斤),2016,50.57,43.08,48.83,35,-,-,-,-,-,-,-,-,
白柚(元/公斤),2016,-,-,-,-,-,-,-,-,28.33,28.42,29.44,36.67,
金柑(元/公斤),2016,43.28,68.50,75.67,-,-,-,-,-,-,-,44.75,40.33,
李(玉李)(元/公斤),2016,-,-,-,-,-,-,-,-,-,-,-,-,
李(紅肉)(元/公斤),2016,-,-,-,-,-,47.67,-,-,-,-,-,-,
鶯歌桃(元/公斤),2016,-,-,-,-,-,39.70,-,-,-,-,-,-,
甜桃(元/公斤),2016,-,-,-,65,88,-,-,-,-,-,-,-,
水蜜桃(元/公斤),2016,-,-,-,-,-,-,89.57,92.17,-,-,-,-,
牛心柿(元/公斤),2016,-,-,-,-,-,-,-,-,28,26.67,25.25,-,
甜柿(元/公斤),2016,-,-,-,-,-,-,-,-,-,88.76,72.56,63.64,
紅柿(軟柿)(元/公斤),2016,-,-,-,-,-,-,-,27.15,24.45,22.82,-,-,
青梅(手採)(元/公斤),2016,-,-,-,58.84,54.10,-,-,-,-,-,-,-,
青梅(竿採)(元/公斤),2016,-,-,-,20.42,20.50,-,-,-,-,-,-,-,
橫山梨(元/公斤),2016,-,-,-,-,-,-,-,-,-,-,-,-,
新世紀梨(元/公斤),2016,-,-,-,-,-,-,-,70,67.67,65,-,-,
豐水梨(元/公斤),2016,-,-,-,-,-,72.83,83.42,-,-,-,-,-,
幸水梨(元/公斤),2016,-,-,-,-,-,-,-,-,-,-,-,-,
新興梨(元/公斤),2016,-,-,-,-,-,-,66.48,70.49,70.36,-,-,-,
五爪蘋果(元/公斤),2016,-,-,-,-,-,-,-,-,-,-,-,-,
金冠蘋果(元/公斤),2016,-,-,-,-,-,-,-,-,-,-,-,-,
富士蘋果(元/公斤),2016,-,-,-,-,-,-,-,-,-,-,-,-,
巨峰葡萄(元/公斤),2016,70.75,-,92.67,90,96.67,81.89,70.92,78.75,87.33,69.50,65.02,67.33,
落花生(帶殼)(元/公斤),2016,71.25,67.83,67.50,69.84,69.47,61.81,63.61,66.88,61.15,63.88,75.37,72.67,
花生仁(總仁)(元/公斤),2016,119.26,-,-,-,-,-,-,-,-,-,118.33,114.62,
紅豆(中等)(元/公斤),2016,76.34,78.30,-,-,-,-,-,-,-,-,-,96.66,
綠豆(省產)(元/公斤),2016,80.17,80.50,80.17,80.67,91.75,95.08,80.17,80.33,80.17,80.17,80.33,-,
花豆(元/公斤),2016,-,-,-,-,-,-,-,-,-,-,-,-,
甘藷(元/公斤),2016,27.08,22.65,20.93,17.45,16.95,14.76,15.19,19.25,15.54,15.90,16.85,14.43,
烏龍茶菁(手)(元/公斤),2016,-,-,195,250.21,258.02,202.78,133,152.33,158.20,199.70,276.28,-,
烏龍茶菁(機)(元/公斤),2016,-,-,-,89.17,86.83,59.17,44.40,21.60,21.60,58.30,59.87,-,
金萱茶菁(手)(元/公斤),2016,-,-,132.56,148.19,146.53,116.22,75,75,92.22,107.08,150.42,-,
金萱茶菁(機)(元/公斤),2016,-,-,-,51.44,48.37,44.11,35.51,22.80,22.80,43.53,44.28,-,
蓮子(脫殼)(元/公斤),2016,-,-,-,-,-,583,563.67,570.67,570,551.67,-,-,
荖花(元/公斤),2016,-,-,-,-,-,-,-,-,-,-,-,-,
蜂蜜(元/公斤),2016,-,-,-,-,-,-,-,-,-,-,-,-,
紅甘蔗(元/公斤),2016,10.91,10.69,11.75,12.11,10.78,10.22,9.88,10.90,10.26,11.75,11.64,11.57,
芝麻(黑省產)(元/公斤),2016,233.04,235.50,250,250,227.02,228.87,250,250,250,250,250,244.13,
紅茶(元/公斤),2016,-,-,-,-,-,-,-,-,-,-,-,-,
綠茶(元/公斤),2016,-,-,-,-,-,-,-,-,-,-,-,-,
文心蘭(元/支),2016,4.64,7.09,8.56,9.90,10.49,5.76,6.13,6.71,3.98,3.73,7.80,6,
菊花(大菊)(元/支),2016,4.57,10.46,8.18,9.99,7.55,4.51,5.67,8.17,5.19,8.21,10.53,7.43,
菊(多花小菊)(元/支),2016,3.38,7.68,5.88,7.03,7.67,4.17,3.13,5.17,3.66,5.14,7.90,4.94,
玫瑰(黛安娜)(元/支),2016,5.43,6.64,9.11,4.20,3.66,3.92,3.33,4.44,4.36,6.19,5.64,4.47,
火鶴(紅)(元/支),2016,11.75,14,14.43,12.87,8.83,8,10.24,10.81,9.29,11.03,11.39,10.20,
非洲菊(元/支),2016,2.72,6.45,3.13,2.98,2.48,3.11,4.08,4.35,5.17,6.62,5.86,4.04,
滿天星(元/ 把),2016,63.68,73.50,70.67,70.33,77.33,52.50,45.67,70.33,81.50,137.17,82,63.67,
卡斯比亞(元/把),2016,45,106,77.33,75.17,57.33,41.33,40,61.33,54.33,94,86.67,90.67,
香石竹(康乃馨)大輪(元/支),2016,-,-,-,-,-,-,-,-,-,-,-,-,
香石竹(康乃馨)中康(元/支),2016,3.81,8.25,6,6.39,3.79,2.03,2.20,3.67,2.94,3.80,4.75,3.25,
天堂鳥(元/支),2016,13.67,23,12.67,9.83,11.33,10.67,14.75,8,7.33,17.67,14,9.50,
夜來香(元/支),2016,2.83,7,5.83,6.50,3.83,2.57,2.83,3.98,6.03,4.67,4.40,3.83,
唐菖蒲(劍蘭)(元/支),2016,2.80,7.53,5.81,8.84,3.75,3.82,4.63,5.54,6.77,6.04,5.47,4.38,
葵百合(紅)(元/支),2016,-,-,-,-,-,14.97,15.93,28.46,30.43,20.80,24.57,-,
姬百合(橙)(元/支),2016,-,-,-,-,-,-,-,-,-,-,-,-,
香水百合(白)(元/支),2016,13.49,36,30.97,30.44,24.67,20.30,18.26,31.53,34,23.92,25.44,20.43,
香水百合(黃)(元/支),2016,15.17,39.50,31.17,30.67,22.33,19,15.67,26.67,30,21.53,24.57,23.33,
大理花(元/支),2016,-,-,-,-,-,-,-,-,-,-,-,-,
聖誕紅(元/盆),2016,-,-,-,-,-,-,-,-,-,-,78.33,75,
聖誕紅(元/盆),2015,11.84,6.65,5.96,9.34,10.68,13.24,14.41,15.97,20.33,13.58,9.72,6.82,
蘿蔔(元/公斤),2015,11.11,9.06,8.59,10.13,12.03,13.13,13.50,15.57,20.17,24,24.83,23.33,
胡蘿蔔(元/公斤),2015,-,-,12.70,16.90,-,-,-,-,-,-,-,-,
牛蒡(元/公斤),2015,-,-,-,-,72.67,59.17,52.50,53.33,59.50,58.67,-,-,
生薑(嫩薑)(元/公斤),2015,54.73,58.62,50.22,48.33,48.07,65,70,80,91.67,71.67,73.33,51.67,
生薑(老薑粉薑)(元/公斤),2015,38.09,42.03,43.33,45,45,40,36,38.89,34.60,41.32,47.33,54.47,
芋頭(元/公斤),2015,-,-,-,113.99,108.64,85.96,84.75,68.15,87.30,78.56,-,-,
綠竹筍(元/公斤),2015,-,-,-,29.33,22.33,21.67,21.33,30.67,38.33,31.67,-,-,
烏殼;綠竹筍(元/公斤),2015,53,57.50,58.33,44.18,38,31.22,27.54,33.75,43.50,38.83,32.83,35.67,
麻竹筍(元/公斤),2015,-,-,-,27.64,26.83,-,-,-,-,-,-,-,
桂竹筍(生筍)(元/公斤 ),2015,-,-,-,-,27,25.50,-,-,-,-,-,-,
轎篙筍(元/公斤),2015,-,-,-,-,73.83,72.83,77.67,77.83,92.50,87.50,-,-,
白蘆筍(元/公斤),2015,200,-,105.83,100.83,77,94,97.58,102.92,111.11,105,-,-,
綠蘆筍(元/公斤),2015,-,85,63.33,60,45.33,63.33,76.67,65,66.67,75,65,-,
茭白筍(帶殼)(元/公斤),2015,9.89,5.38,-,-,-,-,-,-,-,-,-,-,
大芥菜(鮮食)(元/公斤),2015,24.47,20.41,19.72,17.83,17.43,17.97,18.50,19.90,22,23.83,24.50,21.35,
馬鈴薯(食用)(元/公斤),2015,29.14,23.14,21.33,21.32,21.97,42.20,55.22,93.97,74.55,77.95,57.85,68.62,
青蔥(元/公斤),2015,13.67,11.75,10.08,10.99,15.40,16.87,19.53,23.60,-,-,-,19.33,
洋蔥(內銷)(元/公斤),2015,46.91,34.34,34.28,32.43,-,-,-,-,-,-,-,51,
青蒜(元/公斤),2015,-,72,56.75,49.56,48.45,53.21,58.09,63.33,65.68,67.34,71.03,71.79,
蒜頭(蒜球)(元/公斤),2015,35.44,33.84,24.33,23,20,29,27.11,32.45,66.44,60.33,40.78,31.89,
韭菜(元/公斤),2015,-,-,-,-,-,-,-,-,-,-,-,-,
韭黃(元/公斤),2015,42.28,25,22.03,23.16,17.59,25.73,19.14,34.85,45.05,36.73,27.24,33.11,
蕹菜(空心菜)(元/公斤),2015,29.50,28.75,30.05,35.89,21.67,-,-,-,-,-,-,-,
芹菜(土芹菜)(元/公斤),2015,12.70,6.02,5,12.36,14.25,15.11,18.78,27.41,37.76,37.03,22.08,7.55,
甘藍(元/公斤),2015,-,-,-,-,-,-,-,-,-,-,-,-,
甘藍芽(元/公斤),2015,21.20,15.59,14.61,17.19,15.17,32.58,19.42,48.50,51.67,34.33,23.77,16.83,
小白菜(元/公斤),2015,15.41,8.84,14.44,15.17,10.50,27.67,13.50,40.67,50.33,31.33,19.42,14,
青江白菜(元/公斤),2015,9.91,5.40,6.80,14.30,9.24,20.24,13.04,20.35,25.51,19.52,12.57,10.98,
結球白菜(元/ 公斤),2015,22.46,11.70,13.93,27.62,-,33.21,44.96,77.98,71.17,47.58,38.86,22.07,
菠菜(元/公斤),2015,-,-,-,-,-,-,-,-,-,-,-,-,
芥藍(元/公斤),2015,31,-,27,28.14,16.08,27.79,21.57,30.09,50.73,44.04,33.58,38.61,
莧菜(元/公斤),2015,24.14,9.83,12.22,22.89,10.45,-,-,-,-,-,-,-,
本島萵苣(元/公斤),2015,20.92,7.50,8.67,15.44,9.11,-,-,-,-,-,-,-,
萵苣(油麥菜)(元/公斤),2015,19,13.38,17.44,24,-,-,-,-,-,41.50,27.17,33.61,
茼萵(元/公斤),2015,19.18,13.57,14.44,22.89,18.89,42.11,44,36.11,59,54.91,39.11,26.05,
花椰菜(白)(元/公斤),2015,28.39,16.95,14.62,23.70,-,-,-,-,-,-,-,-,
青花苔(元/公斤),2015,735,740.50,738.83,738,605.55,457.78,485.50,517.66,564.33,564.33,571,571,
金針菜  (乾)(元/公斤),2015,27.95,22.73,13.80,16.32,15.89,18.83,14.23,29.56,37.30,30.85,17.86,17.07,
胡瓜(黑刺)(元/公斤),2015,33.34,33.75,27.17,29.50,21.92,30.79,24.63,36.61,53.50,44.08,32.39,28.71,
花胡瓜(元/公斤),2015,10.33,9,13.63,12.28,9.63,8.33,13.33,13.67,20.70,18.87,21.32,12.67,
冬瓜(元/公斤),2015,56.07,64.96,46.86,32.21,20.52,42.06,24.62,49.96,73.14,60.71,38.56,29.13,
苦瓜(元/公斤),2015,-,-,-,-,-,-,-,-,-,-,-,-,
絲瓜(菱角)(元/公斤),2015,27.43,19.89,22.03,20.74,15.81,25.92,19.99,33.74,37.42,34.40,25.41,24.30,
絲瓜(元/公斤),2015,18.80,17.90,14,12.87,8.73,-,-,-,-,36.33,16.33,14.30,
扁蒲(元/公斤),2015,26.20,21.75,18.07,27.33,22.52,41.61,23.34,40,54.67,51.48,36.64,26.33,
茄子(元/公斤),2015,21.75,19.10,12.97,14.59,27.67,48.33,41.96,36.37,52.95,63.17,47.06,30.13,
番茄(黑柿)(元/公斤),2015,38.22,33.34,29.78,27.17,33.50,56.67,65,80,84.67,60,96.22,82.89,
小蕃茄(聖女)(元/公斤),2015,43.61,30.71,20.01,28.73,23.38,52.76,33.50,39.52,68.98,74.30,54.85,31.02,
甜椒(青椒)(元/公斤),2015,-,-,-,14.73,10.45,12.38,16.67,-,-,-,-,-,
西瓜(大粒)(元/公斤),2015,-,-,15.25,9.96,10.33,14.08,12.19,9.16,18.62,19,-,-,
西瓜(小粒)(元/公斤),2015,-,-,-,-,-,-,-,-,-,-,-,-,
西瓜(無子)(元/公斤),2015,31.17,41.63,42.16,43.18,38.04,32.04,32.33,29.78,39.11,35.42,37.67,28.33,
洋香瓜(元/ 公斤),2015,-,-,52.50,45.72,33.91,35.81,38.28,35.51,35.58,41.24,38.50,-,
香瓜(美濃瓜)(元/公斤),2015,73.53,76.59,55.56,69.25,60.08,63.14,71.41,79.58,113.70,102.27,60.60,50.72,
敏豆(四季豆)(元/公斤),2015,57.78,53.50,40.67,38.75,29,35.58,32.58,43.47,64.73,59.92,42.08,35.11,
豇豆(元/公斤),2015,59.32,53.58,38.76,58.67,-,-,-,-,-,-,89,65.66,
豌豆(元/公斤),2015,48.50,42.75,31.33,49.33,-,-,-,-,-,-,-,-,
甜豌豆(元/公斤),2015,34.87,14.70,14.70,14.70,13.27,-,-,-,-,-,-,-,
毛豆(帶莢)(元/公斤),2015,43.25,52.23,50.17,42.93,34.09,45.45,60.81,77.13,152.06,79.86,78.62,64.34,
辣椒(元/公斤),2015,18.86,19.36,13.68,14.55,12.57,14.96,14.09,23.12,32.17,27.68,23.18,24.07,
甜玉米(鮮食)(元/公斤),2015,70.83,-,-,-,-,-,-,46.67,48.33,46.67,100,83,
蓮藕(元/公斤),2015,237.78,253.34,146.89,114,-,-,-,-,-,-,-,155,
草莓(元/公斤),2015,86.22,77.50,82.45,128.33,102.50,120,93.33,100,113.33,140,111.89,96.11,
洋菇(元/公斤),2015,1495.83,1555,1420.83,1367.50,1390,1379.17,1340.83,1272.50,1258.33,1236.67,1210.83,1202.50,
香菇(太空包)乾(元/公斤),2015,104.55,106.84,99.56,94.33,94.11,95.33,93.78,90.67,91,90.89,89.22,86.89,
香菇(太空包)鮮(元/公斤),2015,65.17,61,55.83,50.67,47.33,40,39.67,58,67.33,56,56,53.52,
木耳(黑色溼)(元/公斤),2015,-,-,-,-,-,-,-,-,-,-,-,-,
鮑魚菇(元/公斤),2015,-,-,-,-,-,80,83.33,86.33,90,91.67,92.22,86.45,
杏鮑菇(元/公斤),2015,15.33,24,25.33,19.50,-,-,-,-,20,21.56,22.28,21.55,
葡萄柚(元/公斤),2015,-,-,77.50,57.54,58.50,36.96,-,-,-,-,-,-,
芒果(在來)(元/公斤),2015,-,-,-,86.83,79.72,45.67,29.64,46.11,-,-,-,-,
芒果(愛文)(元/公斤),2015,-,-,-,-,50,28.90,17.87,29.36,-,-,-,-,
芒果(金煌)(元/公斤),2015,-,-,-,-,-,-,-,-,-,-,-,-,
番石榴(泰國)(元/公斤),2015,-,-,-,-,-,-,-,-,-,-,-,-,
番石榴(世紀)(元/公斤),2015,26.13,25.54,12.09,11.91,17.52,28.18,18.31,37.32,43.28,44.37,40.52,48.34,
番石榴(珍珠)(元/公斤),2015,56.13,52.83,50.30,42.99,45.33,35,-,-,-,-,63.14,67.50,
蓮霧(元/公斤),2015,-,-,170,142.64,-,-,-,-,-,-,-,-,
枇杷(元/公斤),2015,-,-,-,-,-,25.79,19.80,-,-,-,-,-,
荔枝(黑葉)(元/公斤),2015,-,-,-,-,77.69,55.21,-,-,-,-,-,-,
荔枝(玉荷)(元/公斤),2015,-,-,-,-,-,-,41.08,41.52,59.59,-,-,-,
龍眼(大粒)(元/公斤),2015,57.07,44.52,38.80,-,-,-,-,-,-,-,-,62.98,
棗子(元/公斤),2015,59.56,65.67,64.72,-,-,-,61,55.33,58.54,64.83,62.76,62.37,
番荔枝(元/公斤),2015,26,17,18.72,17.83,-,-,-,35,37.50,41.17,38.33,31.67,
楊桃(馬來種)(元/公斤),2015,-,-,-,-,-,69,48.11,50.33,73.81,82.33,97,93,
酪梨(元/公斤),2015,5.99,5.54,5.89,5.34,6.23,6.25,6.58,7.06,6.58,6.50,6.38,5.75,
椰子(元/公斤),2015,1.08,1.92,2.33,2.60,3.96,3.75,0.93,1.35,1.16,0.75,0.60,0.63,
檳榔(元/ 粒),2015,28.11,19.03,19.51,24.37,18.34,15.69,17.18,32.35,42.24,50.74,63.99,47.60,
木瓜(元/公斤),2015,-,-,-,-,-,66.33,55.83,49.17,53.83,48.60,48,45.33,
百香果(元/公斤),2015,29.44,30.09,25.44,15.32,16.06,15.59,17.81,29.53,44.68,49.33,48.43,45.89,
香蕉(內銷)(元/公斤),2015,-,-,-,-,-,15.54,15.21,18.42,18.87,17.77,16.73,-,
鳳梨(開英)(元/公斤),2015,20.75,26.42,22.02,23.24,24.86,17.21,17.37,21.65,25.89,27.33,25,27.17,
鳳梨(17號)(元/公斤),2015,-,-,-,-,91.67,62.92,28.92,47.92,54.16,61.42,70.04,-,
紅龍果(元/公斤),2015,36.56,40.50,-,-,-,-,-,-,-,35.85,32.33,32.40,
椪柑(元/公斤),2015,43.61,45.56,38.94,-,-,-,-,-,-,-,-,-,
桶柑(元/公斤),2015,-,-,-,-,-,-,-,24.75,48.21,-,-,-,
文旦(元/公斤),2015,18.48,20.34,20.60,-,-,-,-,-,-,20.13,18.78,19.34,
柳橙(元/公斤),2015,43.47,47.59,41.38,40.31,35.95,40.24,24.87,12.73,15.17,28,47.35,35.17,
檸檬(元/公斤),2015,30.58,30.20,-,-,-,-,-,-,-,-,-,-,
海梨柑(元/公斤),2015,48.61,59.66,57,62.17,-,-,-,-,-,-,-,-,
茂谷柑(元/公斤),2015,40.33,41,42.67,-,-,-,-,-,-,-,-,39.85,
金柑(元/公斤),2015,-,-,-,-,-,-,-,-,-,-,-,-,
李(玉李)(元/公斤),2015,-,-,-,-,50,47.50,-,-,-,-,-,-,
李(紅肉)(元/公斤),2015,-,-,-,-,-,24,-,-,-,-,-,-,
鶯歌桃(元/公斤),2015,-,-,-,42.67,43.67,-,-,-,-,-,-,-,
甜桃(元/公斤),2015,-,-,-,-,-,-,68.19,74.78,-,-,-,-,
水蜜桃(元/公斤),2015,-,-,-,-,-,-,-,-,28.75,26.65,30,-,
牛心柿(元/公斤),2015,-,-,-,-,-,-,-,-,-,81.74,79.03,77.50,
甜柿(元/公斤),2015,-,-,-,-,-,-,-,17.13,32.38,34.28,-,-,
紅柿(軟柿)(元/公斤),2015,-,-,30,40.46,36.17,-,-,-,-,-,-,-,
青梅(手採)(元/公斤),2015,-,-,-,15.52,-,-,-,-,-,-,-,-,
青梅(竿採)(元/公斤),2015,-,-,-,-,-,-,50,42.50,22.50,-,-,-,
橫山梨(元/公斤),2015,-,-,-,-,-,-,-,46,63.33,-,-,-,
新世紀梨(元/公斤),2015,-,-,-,-,-,56.84,79.90,-,-,-,-,-,
豐水梨(元/公斤),2015,-,-,-,-,-,-,-,-,-,-,-,-,
幸水梨(元/公斤),2015,-,-,-,-,-,-,39.38,41.43,48.67,-,-,-,
新興梨(元/公斤),2015,61.11,52.50,51.67,55,71.67,65.55,51.62,64.92,85.17,89.67,72.06,69.37,
巨峰葡萄(元/公斤),2015,54.73,54.74,54.85,54.69,53.67,50.50,50.88,51.70,52.50,54.70,67.88,72,
落花生(帶殼)(元/公斤),2015,64.53,60.67,-,-,-,-,-,-,-,-,-,66.25,
紅豆(中等)(元/公斤),2015,80.17,80.25,80.33,80.17,88.42,90.17,80.33,80.50,80.33,80.33,80.50,-,
綠豆(省產)(元/公斤),2015,12.46,12.09,8.74,9.34,8.30,10.41,11.20,16.85,22.05,25.42,30.09,29.42,
甘藷(元/公斤),2015,-,-,150,256.26,232.61,163.58,130.33,147,144.86,233.70,280.21,-,
烏龍茶菁(手)(元/公斤),2015,-,-,-,82.72,88.88,80.55,69.43,59.43,61.93,65.33,66.33,-,
烏龍茶菁(機)(元/公斤),2015,-,-,125.33,152.78,144.12,106.33,71.33,75,95,121.84,149.98,-,
金萱茶菁(手)(元/公斤),2015,-,-,40,54.11,47.74,42.99,42.43,42.73,44.62,46.89,56.94,-,
金萱茶菁(機)(元/公斤),2015,-,-,-,-,580,536.67,566.17,566.75,564,540,-,-,
蓮子(脫殼)(元/公斤),2015,14,13.82,11.86,12.19,10.10,10.27,10.42,10.23,11.42,12.32,11.95,11.15,
紅甘蔗(元/公斤),2015,219.71,225,220,220,209.61,210.53,210,210,210,210,210,227.02,
芝麻(黑省產)(元/公斤),2015,8.24,8.19,7.64,8,7.04,6.45,7.75,7.74,4.68,4.78,4.30,4.25,
文心蘭(元/支),2015,4.45,5.84,5.44,5.84,6.83,8,10.33,9.67,9.23,8.17,8.47,8.89,
菊花(大菊)(元/支),2015,5.46,8.78,5.42,2.90,4.94,5.29,4.59,4.14,3.50,6.18,3.64,4.77,
玫瑰(黛安娜)(元/支),2015,13.26,13.85,12.07,12.48,9.35,9.47,10.56,12.28,10.65,11.20,10.22,10.72,
火鶴(紅)(元/支),2015,3.28,3.75,2.03,2.50,2.52,4.78,3.78,5.54,6.91,5.56,3.15,3.85,
非洲菊(元/支),2015,89.83,79.05,37.38,43.57,69.87,72.02,70.45,81.90,108,135.88,95.92,61.50,
滿天星(元/ 把),2015,73.33,105,61.67,28.67,43.33,75,41.67,58,80,81.67,76.67,45,
卡斯比亞(元/把),2015,-,-,-,-,-,-,-,-,-,-,-,-,
香石竹(康乃馨)大輪(元/支),2015,3.58,4.50,2.76,2.79,4.11,3.67,4.33,3.42,4.58,5.42,5.28,4.12,
香石竹(康乃馨)中康(元/支),2015,12.67,13.50,6,5.67,9.33,13,7.67,9.33,8,12.33,9,11.33,
天堂鳥(元/支),2015,6,7.25,5.33,6.67,4.83,4,4.50,5.17,5.33,6,4.33,3.50,
夜來香(元/支),2015,5.14,4.93,3.73,4.21,5.64,6.34,5.48,7.04,6.92,8.20,5.97,4.02,
唐菖蒲(劍蘭)(元/支),2015,-,-,-,-,-,26.70,23.73,31.20,31.91,27.98,19,15.37,
葵百合(紅)(元/支),2015,-,-,-,-,-,-,-,-,-,-,-,-,
姬百合(橙)(元/支),2015,26.32,21.12,21.72,22.19,28.67,25.21,25.19,33.44,32.13,28.11,22.42,17.69,
香水百合(白)(元/支),2015,30.47,31.95,23.87,23.57,22.33,22.17,22.83,24,23.67,24,21.67,17,
香水百合(黃)(元/支),2015,-,-,-,-,-,-,-,-,-,-,70.83,61.67,
聖誕紅(元/盆),2014,6.10,5.06,6.42,6.32,7.40,12.63,14.62,12.77,10.29,11.34,8.06,8.92,
蘿蔔(元/公斤),2014,11.53,7.51,7.41,7.32,8.92,11.05,13,12.83,13.33,12.17,11.50,10.83,
胡蘿蔔(元/公斤),2014,-,-,35.33,11.50,-,-,-,-,-,-,-,-,
牛蒡(元/公斤),2014,-,-,-,-,79.50,76.67,65.27,56.77,56.60,59.60,-,-,
生薑(嫩薑)(元/公斤),2014,36.49,39.25,41,49.64,58.45,101.67,95,106.67,116.67,143.33,160,90,
生薑(老薑粉薑)(元/公斤),2014,38.40,35.26,34.83,35.67,41.67,50,43.33,43.09,36.32,34.03,35.04,39.37,
芋頭(元/公斤),2014,-,-,-,117.72,96.78,78.86,81.41,68.77,65.03,59.72,-,-,
綠竹筍(元/公斤),2014,-,-,-,32.33,24.67,20.33,20.33,20.67,19.67,26.67,-,-,
烏殼;綠竹筍(元/公斤),2014,67.67,72.50,70,56.67,33.83,30.22,28.58,29.58,29,29.42,33.17,37.67,
麻竹筍(元/公斤),2014,-,-,-,20.39,28.10,-,-,-,-,-,-,-,
桂竹筍(生筍)(元/公斤 ),2014,-,-,-,-,26.17,25.50,-,-,-,-,-,-,
轎篙筍(元/公斤),2014,-,-,-,87,72.50,66,76.83,78.67,74.50,76.33,71.33,-,
白蘆筍(元/公斤),2014,213.33,123.25,96.67,87.75,80.07,86.53,102.17,110.53,125.83,127.78,143.33,186.67,
綠蘆筍(元/公斤),2014,-,85,83.33,61.67,48.33,45.67,75.67,73.33,51,55,50,-,
茭白筍(帶殼)(元/公斤),2014,7.11,7,12,-,-,-,-,-,-,-,-,-,
大芥菜(鮮食)(元/公斤),2014,18.29,17.83,17.58,18.42,16.33,17.43,17.83,17.83,17.83,18.50,20,21.17,
馬鈴薯(食用)(元/公斤),2014,27.83,25.72,20.95,22.87,24.91,27.97,29.47,43.84,56.97,62.33,52.67,42.59,
青蔥(元/公斤),2014,12.58,9.75,9.10,8.33,12.70,12.70,11.70,11.23,-,-,14.75,13,
洋蔥(內銷)(元/公斤),2014,44.69,38.76,43.49,64.94,65,-,-,-,-,-,-,66.89,
青蒜(元/公斤),2014,-,75,43.64,29.17,23.76,20.92,23.62,25.09,26.41,29.79,30.99,34.94,
蒜頭(蒜球)(元/公斤),2014,38.45,36,27.22,23.56,21.55,25.67,29.11,29,38.33,52.66,29.33,29,
韭菜(元/公斤),2014,-,-,-,-,-,-,-,-,-,-,-,-,
韭黃(元/公斤),2014,43.17,33.63,31.73,21.37,25.87,24.97,20.67,28.30,20.30,27.17,20.39,46.14,
蕹菜(空心菜)(元/公斤),2014,35.67,41.88,42.17,39.78,26.33,-,-,-,-,-,-,-,
芹菜(土芹菜)(元/公斤),2014,5.79,5.73,4.50,6.07,8.10,13.79,16.35,20.44,26.15,21.25,9.91,11.70,
甘藍(元/公斤),2014,18.76,16.90,19.66,19.08,28.54,-,-,-,-,-,-,-,
甘藍芽(元/公斤),2014,20.05,24.92,21.94,16.72,24.67,34.67,27.39,35.95,20.78,26.33,15.44,29.78,
小白菜(元/公斤),2014,10.83,17.25,12.17,8.92,17.67,21.33,16.67,29.17,15.67,18.67,10.67,23.22,
青江白菜(元/公斤),2014,8.01,5.98,9.07,13.38,9.72,18.52,13.32,23.86,12.43,16.83,8.07,13.59,
結球白菜(元/ 公斤),2014,21.83,17.55,16.39,22.89,-,33.76,40.82,84.39,51.06,43.42,25.31,30.30,
菠菜(元/公斤),2014,-,-,-,-,-,-,-,-,-,-,-,-,
芥藍(元/公斤),2014,35,-,37,31,26,27,23.67,47.33,39.33,36,17.67,30.33,
莧菜(元/公斤),2014,19.56,16.33,16.22,15.11,21.56,-,-,-,-,-,-,-,
本島萵苣(元/公斤),2014,12.17,12.50,9.04,10,17.67,-,-,-,-,-,-,-,
萵苣(油麥菜)(元/公斤),2014,23.06,28,29.22,16.33,-,-,-,-,-,50,30.55,32.81,
茼萵(元/公斤),2014,13.92,16.58,17.63,16.84,21.94,41.55,35.11,39,33.44,38.67,19.07,26.25,
花椰菜(白)(元/公斤),2014,18.02,19.31,22.66,22.11,19.50,-,-,-,-,-,-,-,
青花苔(元/公斤),2014,639.89,613.50,561.67,561.67,582.78,639.78,707.56,751,760.44,721.50,722.33,723.17,
金針菜  (乾)(元/公斤),2014,22.65,32.20,26.68,16.01,11.02,15.75,14.95,17.46,14.96,19.65,16.08,26.83,
胡瓜(黑刺)(元/公斤),2014,32.11,46.10,37,26.36,21.86,28.43,29.88,34.83,25.60,31.87,26.13,41.37,
花胡瓜(元/公斤),2014,9,10,19.82,20.73,9.13,-,-,-,9.27,6.95,6.95,8.67,
冬瓜(元/公斤),2014,55.98,75.15,56.42,36.27,24.76,22.99,20.26,32.19,31.77,44.38,28.17,35.79,
苦瓜(元/公斤),2014,-,-,-,-,-,-,-,-,-,-,-,-,
絲瓜(菱角)(元/公斤),2014,22.81,28.63,28.50,22.96,19.43,19.60,18.22,23.65,16.47,22.30,20.29,29.98,
絲瓜(元/公斤),2014,15.90,13.71,18.07,12.33,10.75,-,-,-,-,15.50,-,-,
扁蒲(元/公斤),2014,26.38,20.25,22.40,22.20,22.76,25,23.67,29.83,22.05,31.95,13.39,26.82,
茄子(元/公斤),2014,24.52,15.76,20.70,15.17,17.50,21.67,31.33,23.33,33,49.86,45.60,21.27,
番茄(黑柿)(元/公斤),2014,56.45,48.34,49.56,45.67,45.17,43.33,42,78.33,103.33,40,83.89,50.89,
小蕃茄(聖女)(元/公斤),2014,20.88,18.81,19.67,20.95,17.35,31.29,27.55,24.67,41.73,50.73,29.98,28.21,
甜椒(青椒)(元/公斤),2014,-,-,20,17.39,14.24,11.70,15.28,-,-,-,15,-,
西瓜(大粒)(元/公斤),2014,-,-,20.50,17.22,12.67,11.92,12.88,11.62,14.67,20.17,16.17,19,
西瓜(小粒)(元/公斤),2014,-,-,-,-,-,-,-,-,-,-,-,-,
西瓜(無子)(元/公斤),2014,38.67,33.25,39.39,45.71,42.38,31.20,29.42,19.83,25.67,31.67,16,36.67,
洋香瓜(元/ 公斤),2014,-,-,67.33,66.11,40.88,41.78,39.70,33.13,36.47,42.83,32.67,-,
香瓜(美濃瓜)(元/公斤),2014,55.80,86,59.22,45.08,48,65.78,89.14,80.13,60.76,85.96,71.29,60.09,
敏豆(四季豆)(元/公斤),2014,43.66,47.67,43.78,32.75,28.83,34.25,34.64,45.13,34.80,51.50,43.58,49.78,
豇豆(元/公斤),2014,74.58,46.13,58.18,45,-,-,-,-,-,-,86.33,77.15,
豌豆(元/公斤),2014,58,37.50,53.33,35,-,-,-,-,-,-,-,-,
甜豌豆(元/公斤),2014,16.12,13.35,13.35,13.35,12.86,-,-,-,-,-,11.50,-,
毛豆(帶莢)(元/公斤),2014,106,83.82,82.33,60.28,33.58,28.34,27.03,29.33,54,46.17,75.33,42.67,
辣椒(元/公斤),2014,15.69,15,17.78,14.09,13.50,12.70,21.49,21.99,13.05,17.93,13.13,17.04,
甜玉米(鮮食)(元/公斤),2014,93,-,-,-,-,-,-,60.67,52.33,52.33,84,74.17,
蓮藕(元/公斤),2014,160,150,136.66,77.22,-,-,-,-,-,-,-,225.56,
草莓(元/公斤),2014,91.89,77.50,79.67,115.83,90.83,128.33,85,88.33,95,106.67,110,114.83,
洋菇(元/公斤),2014,1312.50,1325,1321.67,1404.17,1436.67,1408.33,1376.67,1380.83,1418.33,1530,1517.50,1493.33,
香菇(太空包)乾(元/公斤),2014,82.22,81,78.22,80.22,81,81.67,82.11,83.44,85.89,100.89,102.89,103.66,
香菇(太空包)鮮(元/公斤),2014,69,58.75,60,40,36,38.67,40.33,46.67,42.33,48.33,43.83,59.83,
木耳(黑色溼)(元/公斤),2014,-,-,-,-,-,-,-,-,-,-,-,-,
鮑魚菇(元/公斤),2014,-,-,-,-,-,79.78,80.78,81.89,87,86,89.11,89.78,
杏鮑菇(元/公斤),2014,15,19.50,23.67,22.50,-,-,-,-,11.50,14.95,16.11,18.33,
葡萄柚(元/公斤),2014,-,-,83,66.42,57.17,41.20,-,-,-,-,-,-,
芒果(在來)(元/公斤),2014,-,-,-,101.13,78.17,57.08,46.42,51.52,-,-,-,-,
芒果(愛文)(元/公斤),2014,-,-,-,-,44.67,37.94,24.55,33.80,-,-,-,-,
芒果(金煌)(元/公斤),2014,-,-,-,-,-,-,-,-,-,-,-,-,
番石榴(泰國)(元/公斤),2014,-,-,-,-,-,-,-,-,-,-,-,-,
番石榴(世紀)(元/公斤),2014,32.36,26.51,34.55,18.95,27.44,28.24,11.87,11.56,27.64,42.74,41.61,29.50,
番石榴(珍珠)(元/公斤),2014,69.12,60.36,64.38,52.91,51.28,63.33,-,-,-,-,87.75,69.96,
蓮霧(元/公斤),2014,-,85,155.97,155.14,-,-,-,-,-,-,-,-,
枇杷(元/公斤),2014,-,-,-,-,50,28.62,24.34,-,-,-,-,-,
荔枝(黑葉)(元/公斤),2014,-,-,-,-,99.65,53.96,42,-,-,-,-,-,
荔枝(玉荷)(元/公斤),2014,-,-,-,-,-,-,47.33,29.03,25.25,-,-,-,
龍眼(大粒)(元/公斤),2014,61.98,47.24,51.04,-,-,-,-,-,-,-,-,60.10,
棗子(元/公斤),2014,63.08,64.17,65.11,-,-,-,65,52.42,57.32,64.25,61.74,61.44,
番荔枝(元/公斤),2014,33.50,30.17,33.56,36.67,-,-,-,-,28.83,35.39,41.72,34.67,
楊桃(馬來種)(元/公斤),2014,-,-,-,-,-,77.50,52.33,48.11,57.33,58.33,80,105.67,
酪梨(元/公斤),2014,5.41,5.17,5.14,5.53,6.03,6.42,7.06,7.90,8.50,8.08,7.17,6.64,
椰子(元/公斤),2014,1.06,1.66,1.73,2.18,3.06,1.85,0.94,1.08,0.94,0.70,0.50,0.70,
檳榔(元/ 粒),2014,34.35,31.55,34.71,36.34,27.71,24.52,25.21,27.43,29.56,31.19,39.50,47.97,
木瓜(元/公斤),2014,-,-,-,-,-,103.33,60.67,50.17,51,46.83,35.67,48,
百香果(元/公斤),2014,40.89,35.92,43.25,37.21,34.27,18.01,10.65,26.27,14.40,19.82,14.51,16.43,
香蕉(內銷)(元/公斤),2014,-,-,-,-,-,15.21,16.07,15.21,18.66,21.73,18.27,-,
鳳梨(開英)(元/公斤),2014,15.83,20.63,18.89,23.55,28.20,21.25,20.40,19.69,21.88,28,19,23.78,
鳳梨(17號)(元/公斤),2014,-,-,-,-,116.67,79.33,53.11,52.92,55.17,61.33,69,-,
紅龍果(元/公斤),2014,34.94,37,-,-,-,-,-,-,-,39.50,31.05,29.08,
椪柑(元/公斤),2014,49.08,35.98,39.28,55.50,-,-,-,-,-,-,-,-,
桶柑(元/公斤),2014,-,-,-,-,-,-,-,24,29.20,22.50,-,-,
文旦(元/公斤),2014,18.19,17.26,19.54,23.29,-,-,-,-,-,19.60,19.41,19.60,
柳橙(元/公斤),2014,54.97,50.96,49.58,53.28,46.70,47.12,33.64,28.54,29.83,37.43,72.38,73.79,
檸檬(元/公斤),2014,33.42,-,-,-,-,-,-,-,-,-,-,25,
海梨柑(元/公斤),2014,48.40,51.17,62.67,79.33,-,-,-,-,-,-,-,-,
茂谷柑(元/公斤),2014,46.67,59,78.53,-,-,-,-,-,-,-,58,38.33,
金柑(元/公斤),2014,-,-,-,-,20,-,-,-,-,-,-,-,
李(玉李)(元/公斤),2014,-,-,-,-,70,43.33,-,-,-,-,-,-,
李(紅肉)(元/公斤),2014,-,-,-,-,-,28.25,-,-,-,-,-,-,
鶯歌桃(元/公斤),2014,-,-,-,55.83,50.33,-,-,-,-,-,-,-,
甜桃(元/公斤),2014,-,-,-,-,-,-,66.15,69.45,-,-,-,-,
水蜜桃(元/公斤),2014,-,-,-,-,-,-,-,-,20,25,26.17,-,
牛心柿(元/公斤),2014,-,-,-,-,-,-,-,-,109.67,82.75,86.17,81.11,
甜柿(元/公斤),2014,-,-,-,-,-,-,-,15.63,21.43,25.85,30,-,
紅柿(軟柿)(元/公斤),2014,-,-,41,37.58,29.66,-,-,-,-,-,-,-,
青梅(手採)(元/公斤),2014,-,-,-,10.43,7.75,-,-,-,-,-,-,-,
青梅(竿採)(元/公斤),2014,-,-,-,-,-,-,35,35,15,-,-,-,
橫山梨(元/公斤),2014,-,-,-,-,-,-,-,40.42,60,51.67,55,-,
新世紀梨(元/公斤),2014,-,-,-,-,-,45.75,77.39,142.22,130,-,-,-,
豐水梨(元/公斤),2014,-,-,-,-,-,-,-,-,-,-,-,-,
幸水梨(元/公斤),2014,-,-,-,-,-,-,35.45,40.45,45,50.67,-,-,
新興梨(元/公斤),2014,73,-,75,88.33,81.67,70,51.69,66.18,103,83.55,67.25,61.09,
巨峰葡萄(元/公斤),2014,64.84,65.63,69.21,71.67,74.13,69.51,65.05,62.73,61.99,58.04,58.74,58.71,
落花生(帶殼)(元/公斤),2014,72.23,70,70,-,-,-,-,-,-,-,-,69.59,
紅豆(中等)(元/公斤),2014,80.83,80.25,80.83,80.67,90.42,90.17,80.33,80.33,80.17,80,80.17,-,
綠豆(省產)(元/公斤),2014,18.60,19.08,19.69,22.07,24.50,27.36,24.62,27.89,24.47,22.20,16.25,13.40,
甘藷(元/公斤),2014,-,-,208.33,254.13,239.48,181.62,133,149.67,164.06,218.24,256.03,186.67,
烏龍茶菁(手)(元/公斤),2014,-,-,-,85.83,72.77,59.98,63.58,61.66,63.38,65.50,66.33,-,
烏龍茶菁(機)(元/公斤),2014,-,-,157,152.61,144.08,119.50,72,79.33,102.42,137.88,159.93,156.17,
金萱茶菁(手)(元/公斤),2014,-,-,35.43,50.18,47.07,42.99,43.54,44.10,44.70,46.78,56.83,-,
金萱茶菁(機)(元/公斤),2014,-,-,-,-,-,500,489.67,483.75,474.67,280,-,-,
蓮子(脫殼)(元/公斤),2014,10.81,10.74,9.73,9.77,7.82,7.85,9.17,11.44,10.49,11.54,11.67,11.81,
紅甘蔗(元/公斤),2014,232.12,246.67,250,250,217.20,218.40,250,250,250,250,245,222.41,
芝麻(黑省產)(元/公斤),2014,8.85,7.29,7.10,7.29,5.59,6.05,7.08,8.70,6.17,5.10,6.21,6.63,
文心蘭(元/支),2014,6.66,5.12,5.94,4.35,3.63,5.33,8.17,9.33,6.67,6.67,6.15,7.34,
菊花(大菊)(元/支),2014,9.11,12.19,9,3.55,4.69,5.84,3.97,3.57,4.72,4.70,4.14,6.07,
玫瑰(黛安娜)(元/支),2014,14.63,12.63,13.66,11.30,8.06,8.54,10.25,10.79,11.69,11.40,10.33,10.47,
火鶴(紅)(元/支),2014,6.05,2.84,2.75,2.30,2.56,4.95,5.06,3.67,5.33,6.06,4.17,4.33,
非洲菊(元/支),2014,72.57,69.25,65.50,46.60,88.72,106.55,72.85,71.57,89.22,82.08,60.52,91.05,
滿天星(元/ 把),2014,69.67,62.50,70,44,27.33,61,60,40.33,42.67,80,63.33,80,
卡斯比亞(元/把),2014,-,-,-,-,-,-,-,-,-,-,-,-,
香石竹(康乃馨)大輪(元/支),2014,5.78,3.42,4.05,3.11,3.37,3.17,3.33,3.83,3.83,3.86,3.17,3.22,
香石竹(康乃馨)中康(元/支),2014,14,5.50,7.67,9.67,7,11.67,9,6.67,9,13,11,12,
天堂鳥(元/支),2014,7.17,5.75,6.17,5.67,4,4.17,4.83,5.50,5.50,5.67,4.17,5.50,
夜來香(元/支),2014,7.12,3.85,4.79,4.14,4.43,4.95,5.86,6.29,5.02,6.14,4.12,5.21,
唐菖蒲(劍蘭)(元/支),2014,-,-,-,-,-,31.40,19.87,35.58,26.22,30.73,27.34,28.25,
葵百合(紅)(元/支),2014,-,-,-,-,-,-,-,-,-,-,-,-,
姬百合(橙)(元/支),2014,43.24,23.27,25.37,14.31,18.33,28,29.53,34.74,31.37,39.06,38.02,41.75,
香水百合(白)(元/支),2014,32.10,21.88,24.20,19.77,23.33,23.83,24,23.83,24.50,23.67,24.17,23.33,
香水百合(黃)(元/支),2014,-,-,-,-,-,-,-,-,-,-,70,70,
聖誕紅(元/盆),2013,9.95,5.60,5.69,7.87,12.87,12.90,9.80,9.50,21.91,18.82,8.82,6.76,
蘿蔔(元/公斤),2013,15.77,10.85,8.84,10.50,13.33,13.50,16,17.50,23.67,25.50,20.58,15.07,
胡蘿蔔(元/公斤),2013,-,-,-,12.33,12.70,-,-,-,-,-,-,-,
牛蒡(元/公斤),2013,-,-,-,-,50,51,49.48,49.77,54.38,59.67,-,-,
生薑(嫩薑)(元/公斤),2013,21.28,31.53,36.50,44,51.11,55,50,63.33,81.67,86.67,96.67,78.33,
生薑(老薑粉薑)(元/公斤),2013,51.45,54.58,43.33,35,34.33,30,28.33,33.45,34.75,40.37,42.76,40.09,
芋頭(元/公斤),2013,-,-,-,76.67,64.01,79.65,66.31,61.53,61.92,64.61,31.67,-,
綠竹筍(元/公斤),2013,-,-,-,27,23,27.67,20.67,24,29.33,23.33,-,-,
烏殼;綠竹筍(元/公斤),2013,76.67,75,61.67,51.67,37.33,34.44,26.25,28.03,37.77,32.22,45.33,55,
麻竹筍(元/公斤),2013,-,-,-,34.33,34.94,-,-,-,-,-,-,-,
桂竹筍(生筍)(元/公斤 ),2013,-,-,-,-,27.17,31.83,-,-,-,-,-,-,
轎篙筍(元/公斤),2013,-,-,-,100,80,71.67,67.33,69.67,70,71.67,83,-,
白蘆筍(元/公斤),2013,-,110,93.89,94,92,88.89,94.89,100.27,99.87,109.83,112.22,166.67,
綠蘆筍(元/公斤),2013,-,67.50,46.67,45,50.33,69.33,73.33,40,51,56.67,49,-,
茭白筍(帶殼)(元/公斤),2013,14.89,9,6.17,-,-,-,-,-,-,-,-,-,
大芥菜(鮮食)(元/公斤),2013,24.35,21.88,19.33,19,18.33,18.17,18,19.50,22.83,24.17,23.17,21.90,
馬鈴薯(食用)(元/公斤),2013,27.42,22.46,19.45,19.76,19.76,36.98,68.49,52.34,85.65,72.78,49.05,36.60,
青蔥(元/公斤),2013,13.96,12.75,11.17,11.02,16.80,18.67,17.43,-,-,-,30,21.33,
洋蔥(內銷)(元/公斤),2013,47.19,38,31.71,37.91,32.46,-,-,-,-,-,-,61.17,
青蒜(元/公斤),2013,-,67,59.25,62.07,59.73,55.24,54.70,54.88,54.66,57.13,57.11,59.75,
蒜頭(蒜球)(元/公斤),2013,35,34.50,25.44,23.56,20.22,30.78,29.03,28.34,52.33,46,35.22,34.55,
韭菜(元/公斤),2013,-,-,-,-,-,-,-,-,-,-,-,-,
韭黃(元/公斤),2013,53.39,20.79,20.57,33.03,26.87,19.70,21.30,23.23,46.70,29.50,24.33,36.22,
蕹菜(空心菜)(元/公斤),2013,48.33,42.50,35.83,46.67,-,-,-,-,-,-,-,-,
芹菜(土芹菜)(元/公斤),2013,19.42,9.94,4.23,5.42,14.79,18.84,16.66,14.13,25.83,27.06,13.58,8.90,
甘藍(元/公斤),2013,28.93,18.19,12.98,18.10,38.18,-,-,-,-,-,-,-,
甘藍芽(元/公斤),2013,21.11,14.34,12.94,25.94,23.22,22.06,20.61,25.61,48.89,27.28,19.61,23.94,
小白菜(元/公斤),2013,25.75,19,14.50,22.33,16.67,19,14.33,18.33,38,17.33,17.60,15,
青江白菜(元/公斤),2013,16.06,5.83,3.95,11.16,13.01,14.07,11.34,12.08,28.11,18.14,8.74,9.83,
結球白菜(元/ 公斤),2013,32.50,12.01,10.49,34.61,-,30.90,52.13,64.87,59.56,51.46,27.73,26.75,
菠菜(元/公斤),2013,-,-,-,-,-,-,-,-,-,-,-,-,
芥藍(元/公斤),2013,51.67,-,31,36,29.33,28,27.67,28,48.33,40.67,24,33.33,
莧菜(元/公斤),2013,37.83,16,13.33,27.67,31.67,-,-,-,-,-,-,-,
本島萵苣(元/公斤),2013,20,15,11.11,23,29.33,-,-,-,-,-,-,-,
萵苣(油麥菜)(元/公斤),2013,43.94,21.67,18.67,22.67,-,-,-,-,-,42.25,29.33,37,
茼萵(元/公斤),2013,24,11.04,10.60,19.23,21.80,39.08,33.67,32.78,62.78,48.39,18.87,22.40,
花椰菜(白)(元/公斤),2013,31.64,15.40,11.63,18.75,28.48,-,-,-,-,-,-,-,
青花苔(元/公斤),2013,595.33,593.75,582.50,582.50,547.50,580,568.17,574.67,593.66,588.89,591.66,601.11,
金針菜  (乾)(元/公斤),2013,24.86,16.40,11.27,19.27,18.64,12.18,14.73,17.34,30.89,20.16,14.25,17.89,
胡瓜(黑刺)(元/公斤),2013,30.11,29.84,24.59,32.12,27.33,18.66,22.68,29.10,43.47,29.53,21.93,28.01,
花胡瓜(元/公斤),2013,10,7,9.90,9.98,9.58,10,-,10.85,11.92,12.42,9.87,9.33,
冬瓜(元/公斤),2013,44.14,40.72,29.55,27.72,29.68,25.31,25.39,32.75,66.20,42.87,32.76,41.34,
苦瓜(元/公斤),2013,-,-,-,-,-,-,-,-,-,-,-,-,
絲瓜(菱角)(元/公斤),2013,24.26,15.60,15.91,22.08,20.16,16.14,21.75,17.93,38.29,26.18,23.45,26.69,
絲瓜(元/公斤),2013,14.78,8.17,8.86,14.67,17,-,-,-,-,16,9,12.33,
扁蒲(元/公斤),2013,18.27,10.13,11.33,22.37,24.67,25.56,26.83,30.45,60.17,38.14,26.39,28.47,
茄子(元/公斤),2013,14.95,11.86,14.89,18.61,26.83,45.28,46.57,29.74,49.40,62.50,56.15,37.30,
番茄(黑柿)(元/公斤),2013,41.45,35.83,41.22,34.17,40.83,63.33,45,63.33,90,56.67,100,76.67,
小蕃茄(聖女)(元/公斤),2013,28.82,14.35,11.81,19.83,34,48.14,30.01,26.09,57.45,52.75,27.83,28.86,
甜椒(青椒)(元/公斤),2013,-,-,-,14.10,10.89,16.48,14.86,10,-,19,16.67,-,
西瓜(大粒)(元/公斤),2013,-,-,16.78,9.04,8.67,15.62,10.67,12.17,18,20.38,18.17,12,
西瓜(小粒)(元/公斤),2013,-,-,-,11,8,-,-,-,-,-,-,-,
西瓜(無子)(元/公斤),2013,31.33,33.25,43.83,38.13,41,38.76,24.12,24.25,34.92,34.67,23,38.33,
洋香瓜(元/ 公斤),2013,-,-,53.83,29.17,33,57.60,41.78,37.75,40.50,43.89,33.17,-,
香瓜(美濃瓜)(元/公斤),2013,59.33,45.17,33.33,58,70.42,63.07,79.93,78,100.87,87.56,44.87,44.76,
敏豆(四季豆)(元/公斤),2013,40.56,34.17,29.33,36.78,33.42,22,24.81,30.33,57.53,49.58,34.67,41.56,
豇豆(元/公斤),2013,102.08,87.75,41.59,81.50,-,-,-,-,-,-,83.17,70.91,
豌豆(元/公斤),2013,58.33,55,31.50,73,-,-,-,-,-,-,-,-,
甜豌豆(元/公斤),2013,22.12,12.35,12.35,12.37,12.61,-,-,-,-,-,12.50,-,
毛豆(帶莢)(元/公斤),2013,33.63,28.88,33.17,22.28,34.24,41.58,55.05,27,80.83,92.83,130.50,101.89,
辣椒(元/公斤),2013,16.29,13.25,12.67,12.36,13.34,12.09,10.17,13.16,23.18,22.89,18.62,14.40,
甜玉米(鮮食)(元/公斤),2013,83.17,-,-,-,-,-,-,48.33,55,55,94.47,89.17,
蓮藕(元/公斤),2013,154.17,151.25,64.44,70.56,-,-,-,-,-,-,-,162.22,
草莓(元/公斤),2013,84.44,81.67,79.44,108,98.33,103.33,95,105,116.67,105.83,95.56,90.53,
洋菇(元/公斤),2013,1105.83,1147.50,1124.17,1122.50,1117.50,1134.17,1150,1167.50,1175,1180.83,1186.67,1200.83,
香菇(太空包)乾(元/公斤),2013,74.33,74.83,74.55,72.22,73.55,74.11,73.67,75,72.78,73.89,76,76.22,
香菇(太空包)鮮(元/公斤),2013,42.17,40.50,42.83,31.67,33.67,36,34.33,45.33,52.33,51,57.83,69.17,
木耳(黑色溼)(元/公斤),2013,-,-,-,-,-,-,-,-,-,-,-,-,
鮑魚菇(元/公斤),2013,-,-,-,-,-,78,79.22,80.11,96.45,92.67,89.11,86.34,
杏鮑菇(元/公斤),2013,13.67,12.50,15.67,16,-,-,-,-,14,16.58,18.33,18.42,
葡萄柚(元/公斤),2013,-,-,76.67,62.04,53.49,29.32,23.75,-,-,-,-,-,
芒果(在來)(元/公斤),2013,-,-,-,88.83,81.47,44.45,28.64,41.70,-,-,-,-,
芒果(愛文)(元/公斤),2013,-,-,-,-,58.34,24.78,20.06,30.03,-,-,-,-,
芒果(金煌)(元/公斤),2013,-,-,-,-,-,-,-,-,-,-,-,-,
番石榴(泰國)(元/公斤),2013,-,-,-,-,-,-,-,-,-,-,-,-,
番石榴(世紀)(元/公斤),2013,11.22,13.62,13.13,11.12,21.81,19.20,10.62,19.56,32.14,33.90,29.04,40.18,
番石榴(珍珠)(元/公斤),2013,61.46,58.04,50.36,49.58,54.98,49.72,-,-,-,-,73.53,71.08,
蓮霧(元/公斤),2013,-,63.75,99.03,74.50,-,-,-,-,-,-,-,-,
枇杷(元/公斤),2013,-,-,-,-,43.75,25.69,26.50,-,-,-,-,-,
荔枝(黑葉)(元/公斤),2013,-,-,-,-,100.08,46.46,-,-,-,-,-,-,
荔枝(玉荷)(元/公斤),2013,-,-,-,-,-,-,45.96,40.74,44.95,-,-,-,
龍眼(大粒)(元/公斤),2013,52.81,39.17,36.17,-,-,-,-,-,-,-,61.84,61.32,
棗子(元/公斤),2013,60.89,58,62.61,-,-,-,81,61.89,55.83,66.11,64.96,63.11,
番荔枝(元/公斤),2013,17.60,15.29,21.08,23.50,-,-,-,22,28.05,31.11,32.22,32,
楊桃(馬來種)(元/公斤),2013,-,-,-,-,-,70,47.33,44.44,56.89,53.33,69.33,91,
酪梨(元/公斤),2013,5.33,5.29,5.52,5.78,6.11,6.64,6.18,6.56,6.06,6.82,6.13,5.94,
椰子(元/公斤),2013,0.65,0.97,1.15,1.45,1.92,1.07,0.91,1.05,0.91,0.73,0.55,0.67,
檳榔(元/ 粒),2013,25.47,16.05,27.14,31.45,29.07,30.24,21.98,27.41,25.55,44.89,54.65,42.40,
木瓜(元/公斤),2013,-,-,-,-,-,63.83,50,40.33,51.17,47.83,56,42,
百香果(元/公斤),2013,30.83,30.68,24.89,23.93,23.49,7.88,10.37,22.62,29.12,30.81,36.67,36.74,
香蕉(內銷)(元/公斤),2013,-,-,-,-,-,16.34,15.13,16.48,17.23,17.23,13,-,
鳳梨(開英)(元/公斤),2013,24.17,23.50,26.16,20.01,20.68,23.46,19.40,27.30,23.05,21.83,17.58,17.25,
鳳梨(17號)(元/公斤),2013,-,-,-,-,100,69.89,50.58,44.25,49.61,44.54,70.92,-,
紅龍果(元/公斤),2013,37.04,39.38,-,-,-,-,-,-,-,38.56,30.32,30.37,
椪柑(元/公斤),2013,41.31,30.13,27.78,28.67,-,-,-,-,-,-,-,-,
桶柑(元/公斤),2013,-,-,-,-,-,-,-,24,41.79,26.33,-,-,
文旦(元/公斤),2013,17.43,20.41,21.13,21.44,-,-,-,-,-,18.47,18.07,19.46,
柳橙(元/公斤),2013,27.83,29.42,38.89,32.30,29.29,39.02,23.71,30.36,37,52.67,80.15,70.45,
檸檬(元/公斤),2013,25.18,21.67,-,-,-,-,-,-,-,-,-,35,
海梨柑(元/公斤),2013,50.17,54.37,44.06,39.17,-,-,-,-,-,-,-,-,
茂谷柑(元/公斤),2013,27.33,35.50,40,-,-,-,-,-,-,-,55,42.33,
金柑(元/公斤),2013,-,-,-,25,21.67,-,-,-,-,-,-,-,
李(玉李)(元/公斤),2013,-,-,-,-,37.50,45,-,-,-,-,-,-,
李(紅肉)(元/公斤),2013,-,-,-,-,-,65,-,-,-,-,-,-,
鶯歌桃(元/公斤),2013,-,-,-,46.67,49,-,-,-,-,-,-,-,
甜桃(元/公斤),2013,-,-,-,-,-,-,66.35,82.67,-,-,-,-,
水蜜桃(元/公斤),2013,-,-,-,-,-,-,-,-,38.33,32.17,30,-,
牛心柿(元/公斤),2013,-,-,-,-,-,-,-,-,58.33,88.39,89.50,76.67,
甜柿(元/公斤),2013,-,-,-,-,-,-,-,15.37,21.55,20.77,24,-,
紅柿(軟柿)(元/公斤),2013,-,-,36.41,35.84,34.99,-,-,-,-,-,-,-,
青梅(手採)(元/公斤),2013,-,-,-,11.85,12.83,-,-,-,-,-,-,-,
青梅(竿採)(元/公斤),2013,-,-,-,-,-,-,-,30,24.33,-,-,-,
橫山梨(元/公斤),2013,-,-,-,-,-,-,-,60,63.33,50,-,-,
新世紀梨(元/公斤),2013,-,-,-,-,-,56.13,78.03,129.50,-,-,-,-,
豐水梨(元/公斤),2013,-,-,-,-,-,-,-,-,-,-,-,-,
幸水梨(元/公斤),2013,-,-,-,-,-,-,36.56,39.78,46.42,55.67,-,-,
新興梨(元/公斤),2013,73.47,-,71.67,73.33,60,70.33,53.05,71.13,73.06,69.05,64.23,75.62,
巨峰葡萄(元/公斤),2013,53.72,53.44,54.54,54.80,55.11,58.71,57.48,55.34,57.04,57,60.85,64.46,
落花生(帶殼)(元/公斤),2013,57.91,62.53,64.67,-,-,-,-,-,-,-,-,55.33,
紅豆(中等)(元/公斤),2013,80.50,80.25,80.67,80.50,89,90.42,80.83,80.17,80.67,80.83,80.67,-,
綠豆(省產)(元/公斤),2013,22.41,15.91,13.06,12.62,11.47,12.08,11.81,13.01,17.63,18.05,20.06,20.63,
甘藷(元/公斤),2013,-,-,224.34,259.49,252.51,150.57,122.67,147,173.33,216.52,259.13,156.67,
烏龍茶菁(手)(元/公斤),2013,-,-,-,75.77,66.61,55,55.83,56.38,57.50,61.38,78,-,
烏龍茶菁(機)(元/公斤),2013,-,-,120,146.26,143.62,102.22,70.67,75,120.42,126.62,151,131,
金萱茶菁(手)(元/公斤),2013,-,-,33.30,47.73,43.07,39.33,41,39.33,39.89,43.92,48.45,-,
金萱茶菁(機)(元/公斤),2013,-,-,-,-,-,443.50,477.17,446.17,396.33,380.83,-,-,
蓮子(脫殼)(元/公斤),2013,11.29,10.77,9.83,9.83,9.79,10.17,8.83,9.94,9.71,10.58,10.74,11.06,
紅甘蔗(元/公斤),2013,209.13,230,230,230,207.77,207.77,230,230,230,243.33,238.67,232.39,
芝麻(黑省產)(元/公斤),2013,7.25,7.50,7.13,7.72,7.88,7.07,7.54,8.26,5.84,6.24,6.55,7.76,
文心蘭(元/支),2013,5.23,5.54,4.37,6.42,5.60,6.22,5.33,6,7.35,7.17,5.62,6.17,
菊花(大菊)(元/支),2013,5.88,4.98,4.27,2.82,3.29,4.34,3.93,3.67,5.05,5.09,4.14,6.90,
玫瑰(黛安娜)(元/支),2013,12.14,12.28,11.06,9.33,8.53,9.18,11.03,11.56,11.63,11.86,11.08,12.42,
火鶴(紅)(元/支),2013,4.17,3.48,2.05,2.77,3.28,4,3.65,4.47,5.73,5.69,3.27,4.82,
非洲菊(元/支),2013,70.78,51,31.27,47.37,84.28,65.33,78.25,95.42,80.97,139.87,90.67,67.40,
滿天星(元/ 把),2013,51.33,61.50,45.67,34,18.67,55,51.67,46.67,61.67,65,50,61.67,
卡斯比亞(元/把),2013,-,-,-,-,-,-,-,-,-,-,-,-,
香石竹(康乃馨)大輪(元/支),2013,3.83,5,2.80,3.30,5.20,3.47,3.57,4.39,5.16,6.04,4.38,4.27,
香石竹(康乃馨)中康(元/支),2013,10.25,12.50,8,10,12.80,11.73,9.43,6.83,8.33,10,10,13,
天堂鳥(元/支),2013,5.17,6,4.50,6,5.50,4,4.17,4.50,6.17,5.50,4.17,6.33,
夜來香(元/支),2013,5.58,7.26,5.03,4.49,4.85,4.97,6.19,5.75,5.97,5.30,4.51,5.77,
唐菖蒲(劍蘭)(元/支),2013,-,-,-,-,-,28.62,25.85,21.67,31.57,31,26,35.73,
葵百合(紅)(元/支),2013,-,-,-,-,-,-,-,-,-,-,-,-,
姬百合(橙)(元/支),2013,20.56,27.29,24.92,23.97,30.50,25.81,28.40,28.17,33.77,40.83,34.33,41.71,
香水百合(白)(元/支),2013,21.69,23.66,22.42,20.52,23.50,23,22.33,24,25,24,23.67,24,
香水百合(黃)(元/支),2013,-,-,-,-,-,-,-,-,-,-,66.67,70,
聖誕紅(元/盆),2012,17.66,10.81,6.87,6.76,7.87,8.99,6.33,13.60,7.20,8.22,5.46,8.42,
蘿蔔(元/公斤),2012,13.76,9.68,11.05,14.34,17.70,18.83,23.67,25.33,27.50,23.67,24.08,21.83,
胡蘿蔔(元/公斤),2012,-,-,12.70,12.92,12.70,-,-,-,-,-,-,-,
牛蒡(元/公斤),2012,-,-,-,-,35,38.34,40.01,45.74,47.13,53.34,-,-,
生薑(嫩薑)(元/公斤),2012,-,-,-,-,14.33,-,-,-,-,-,-,-,
生薑(老薑粉薑)(元/公斤),2012,37.42,38.61,43,37.33,32,32.67,35,36.51,38.61,41.17,43.69,48.08,
芋頭(元/公斤),2012,-,-,-,91.22,85.12,71.72,69.90,70.54,58.47,58.78,-,-,
綠竹筍(元/公斤),2012,-,-,-,26.33,22,21.67,20.17,23.33,20.83,20,-,-,
烏殼;綠竹筍(元/公斤),2012,65,68.33,61.67,55.67,31.25,23.61,22.47,29.33,30.73,27.12,40,54,
麻竹筍(元/公斤),2012,-,-,29,16,-,-,-,-,-,-,-,-,
桂竹筍(生筍)(元/公斤 ),2012,-,-,-,-,-,-,-,-,-,-,-,-,
轎篙筍(元/公斤),2012,-,-,-,-,70,73.03,70.33,87.83,76.67,78.17,70,-,
白蘆筍(元/公斤),2012,-,-,87.22,88.33,84.22,80.82,76.94,86.67,76.44,78.61,89.17,-,
綠蘆筍(元/公斤),2012,-,-,-,40.67,42.67,54,57,62.67,37,42,41.33,-,
茭白筍(帶殼)(元/公斤),2012,16.17,8.67,11,-,-,-,-,-,-,-,-,-,
大芥菜(鮮食)(元/公斤),2012,17.19,17.53,18.11,22.56,24,25.67,28.50,29.33,28.17,25.67,22.83,27.11,
馬鈴薯(食用)(元/公斤),2012,45.17,46.35,41.55,29.96,24.46,35.49,73.18,130.96,111.31,67.30,44.13,36.31,
青蔥(元/公斤),2012,16.50,11.23,8.78,11.99,15.33,17.33,21.40,23,-,-,28.50,16.33,
洋蔥(內銷)(元/公斤),2012,54.84,36.57,30.30,24.48,29.33,-,-,-,-,-,-,69.17,
青蒜(元/公斤),2012,-,42.50,44.73,60.24,67.52,58.82,60.21,61.95,63.66,62.58,58.53,58.87,
蒜頭(蒜球)(元/公斤),2012,34.34,32.56,35.11,24.28,22.33,27.39,31.50,41.89,42.89,45.39,28.44,28.33,
韭菜(元/公斤),2012,-,-,-,-,-,-,-,-,-,-,-,-,
韭黃(元/公斤),2012,54.17,31.78,33.40,18.13,32.71,27.07,19,39.80,23.33,17.67,21.11,61.78,
蕹菜(空心菜)(元/公斤),2012,44.50,37.75,34,25.78,41.92,-,-,-,-,-,-,-,
芹菜(土芹菜)(元/公斤),2012,22.63,16.47,12.16,7.22,13.78,15.42,19.93,30.38,24.86,12.94,4.99,9.16,
甘藍(元/公斤),2012,53.70,23.27,21.52,14.65,29.16,-,-,-,-,-,-,-,
甘藍芽(元/公斤),2012,30.88,15.92,16.83,13.42,28,28.42,23.81,36.25,28,14.33,20,35.75,
小白菜(元/公斤),2012,23.17,17.33,17.72,14,26.33,22.17,20.17,34.83,22.67,12,18.67,36.16,
青江白菜(元/公斤),2012,17.04,7.93,8.64,6.43,12.67,15.77,13.61,20.71,15.67,9.36,5.55,15.14,
結球白菜(元/ 公斤),2012,30.88,15,19.58,18.67,-,41.02,44.67,47.78,39.98,47.82,26.12,42.15,
菠菜(元/公斤),2012,-,-,-,-,-,-,-,-,-,-,-,-,
芥藍(元/公斤),2012,46.50,-,51,49.33,42,30.67,23,37,27.33,16.67,24.67,70,
莧菜(元/公斤),2012,24.75,18,22.33,17.17,23.67,-,-,-,-,-,-,-,
本島萵苣(元/公斤),2012,22,15.78,14.22,13.67,25.83,-,-,-,-,-,-,-,
萵苣(油麥菜)(元/公斤),2012,26.67,22.05,29,18.67,-,-,-,-,-,31.50,34.67,42.22,
茼萵(元/公斤),2012,28.75,13.36,17.14,17.66,22.41,25.48,29.78,41.28,38.33,29.36,15.33,34,
花椰菜(白)(元/公斤),2012,34.26,17.94,19.49,22.13,18.45,-,-,-,-,-,-,-,
青花苔(元/公斤),2012,577.50,573.89,580,579.44,513.34,508.89,511.67,511.11,516.67,605.83,604.17,594.17,
金針菜  (乾)(元/公斤),2012,28.17,19.56,16.77,12.33,11.67,15.29,16.88,26.75,24.68,13.42,9.20,24.15,
胡瓜(黑刺)(元/公斤),2012,36.69,31.03,29,18.73,21.93,30.62,25.49,32.67,25.70,27.99,25.40,35.67,
花胡瓜(元/公斤),2012,13.50,12.33,18.68,17.57,10.95,-,-,15,15.85,9.40,7.68,9.33,
冬瓜(元/公斤),2012,52.07,62.33,54.67,27,28.96,34.92,34.20,53.70,39.93,35.04,30.02,38.04,
苦瓜(元/公斤),2012,-,-,-,-,-,-,-,-,-,-,-,-,
絲瓜(菱角)(元/公斤),2012,26.65,16.21,22.26,17.91,17.98,28.46,23.34,34.22,20.25,14.88,15.02,30.51,
絲瓜(元/公斤),2012,17.22,13.67,16.58,9.52,12.13,-,-,-,-,4.50,-,-,
扁蒲(元/公斤),2012,30.30,20,25.40,27.48,30.02,35.44,45.95,58.83,46.61,36.86,23.17,25.27,
茄子(元/公斤),2012,42.14,36.33,30.01,27.11,31.89,46.12,65.20,73.12,50.83,50.36,33.85,16.70,
番茄(黑柿)(元/公斤),2012,85.59,62.41,56.11,47.50,45,63.33,70,76.67,-,80,66.67,41.11,
小蕃茄(聖女)(元/公斤),2012,38.07,20.53,23.94,22.55,20.70,38.31,64.11,38.61,42.89,34.40,15.85,21.54,
甜椒(青椒)(元/公斤),2012,-,-,23,20.43,14.96,9.88,20.17,18,-,-,10.33,14,
西瓜(大粒)(元/公斤),2012,-,-,20.50,16.20,12.06,12.79,26.67,18.49,18.72,13.33,13,13,
西瓜(小粒)(元/公斤),2012,-,-,-,-,20,-,-,-,-,-,-,-,
西瓜(無子)(元/公斤),2012,35.25,30.50,40.22,37,31.96,35.63,34.84,32,43,37.02,25.50,34,
洋香瓜(元/ 公斤),2012,-,-,59,50.67,48.44,46.72,43.77,44.23,48.07,45.33,31.67,-,
香瓜(美濃瓜)(元/公斤),2012,57.90,53.33,48.33,52.17,51.67,67.95,77.80,91.39,57.50,59.80,46.98,54.49,
敏豆(四季豆)(元/公斤),2012,48,42.11,38.56,27.33,25,31.89,38.56,51.58,35.17,33.42,32.80,39.33,
豇豆(元/公斤),2012,131.92,56.83,55.48,66.67,-,-,-,-,-,-,76,101.57,
豌豆(元/公斤),2012,88.25,46.67,44.17,51.33,-,-,-,-,-,-,-,-,
甜豌豆(元/公斤),2012,27.35,14.70,14.70,14.70,13.43,-,-,-,-,-,-,-,
毛豆(帶莢)(元/公斤),2012,62.50,56.08,55.56,50.67,35.17,83.47,90.15,80.67,74.33,54.92,46.94,32.50,
辣椒(元/公斤),2012,17.78,19.26,17.71,13.31,12.47,13.25,15.69,19.39,16.29,18.33,14.74,15.42,
甜玉米(鮮食)(元/公斤),2012,80.25,75.33,-,-,-,-,-,56.67,60,60,83.40,82.70,
蓮藕(元/公斤),2012,116.67,145,99.44,76.11,-,-,-,-,-,-,-,152.50,
草莓(元/公斤),2012,72.84,77.67,81.44,87,101.33,110.83,105,106.67,108.89,102.22,99.44,94.17,
洋菇(元/公斤),2012,1031.63,940.83,929.17,934.17,950.83,957.50,980,1005,1005.83,1017.50,1031.67,1048.33,
香菇(太空包)乾(元/公斤),2012,68.34,69.56,70.67,70.78,70.78,69.22,70,70.56,69.55,70.78,70.33,72.56,
香菇(太空包)鮮(元/公斤),2012,41,40.50,38.83,33.67,29.67,36.67,37.33,44,49,47.33,46.50,39.50,
木耳(黑色溼)(元/公斤),2012,-,-,-,-,-,-,-,-,-,-,-,-,
鮑魚菇(元/公斤),2012,-,-,-,-,-,75,77.22,79.33,86.45,85.11,83,86.45,
杏鮑菇(元/公斤),2012,20,16.67,17.33,20.67,-,-,-,-,40,23.44,20,18.72,
葡萄柚(元/公斤),2012,-,-,70.67,78.95,79,41.22,41,-,-,-,-,-,
芒果(在來)(元/公斤),2012,-,-,-,109.04,90.90,57.02,62.43,79.70,-,-,-,-,
芒果(愛文)(元/公斤),2012,-,-,-,-,35,39.17,41.70,41.29,-,-,-,-,
芒果(金煌)(元/公斤),2012,-,-,-,-,-,-,-,-,-,-,-,-,
番石榴(泰國)(元/公斤),2012,-,-,-,-,-,-,-,-,-,-,-,-,
番石榴(世紀)(元/公斤),2012,25,14.89,19.94,20.17,31.61,26.45,13.83,20.24,48.29,34.20,30.93,14.92,
番石榴(珍珠)(元/公斤),2012,55.38,49.56,49.37,53,53.71,44.67,-,-,-,-,73.81,68.84,
蓮霧(元/公斤),2012,-,71.67,112.86,103.78,-,-,-,-,-,-,-,-,
枇杷(元/公斤),2012,-,-,-,-,-,47.04,42.50,-,-,-,-,-,
荔枝(黑葉)(元/公斤),2012,-,-,-,-,127.20,77.75,-,-,-,-,-,-,
荔枝(玉荷)(元/公斤),2012,-,-,-,-,-,-,86.34,51.82,52.78,-,-,-,
龍眼(大粒)(元/公斤),2012,51.90,32.22,54.48,-,-,-,-,-,-,-,-,60.32,
棗子(元/公斤),2012,54.50,62,64,-,-,-,79.83,68.72,71.39,65.33,60.67,63.67,
番荔枝(元/公斤),2012,21.83,17.97,19.17,27.33,-,-,-,31,30.44,29.36,28.28,25.25,
楊桃(馬來種)(元/公斤),2012,-,-,-,-,-,51.50,57.11,54.67,72.44,84.33,77.67,95,
酪梨(元/公斤),2012,5.25,5.29,5.39,5.61,5.94,5.94,6.28,6.50,7,6.83,6.08,5.67,
椰子(元/公斤),2012,0.79,1.18,1.13,1.74,3.57,3.32,2.33,1.47,0.92,0.61,0.37,0.40,
檳榔(元/ 粒),2012,17.03,21.03,21.02,17.69,15.67,19.94,42.46,46.54,47.25,33.72,37.03,52.86,
木瓜(元/公斤),2012,-,-,-,-,-,55,43.33,58.83,56.50,35.67,40.50,42.33,
百香果(元/公斤),2012,12.89,12.67,19.64,13.24,11.75,12.49,15.89,32.42,38.82,29.06,30.89,33.40,
香蕉(內銷)(元/公斤),2012,-,-,-,-,16,16.78,16.19,16.53,29.42,18.33,16.09,-,
鳳梨(開英)(元/公斤),2012,17,14.83,15.25,16.84,22.60,22.48,22.42,26.01,33.17,22.67,21.67,20.67,
鳳梨(17號)(元/公斤),2012,-,-,-,-,-,61.25,49.89,57.06,60.78,51.75,59.17,-,
紅龍果(元/公斤),2012,20,14.67,-,-,-,-,-,-,-,30.52,26.71,29.83,
椪柑(元/公斤),2012,35.09,21.13,25.42,38,-,-,-,-,-,-,-,-,
桶柑(元/公斤),2012,-,-,-,-,-,-,-,24,38.10,-,-,-,
文旦(元/公斤),2012,11.53,11.68,15.43,21.55,-,-,-,-,-,14.42,14.40,14.08,
柳橙(元/公斤),2012,38.33,29.70,35.22,52.19,82.43,51.56,21.14,20.79,28.10,51.62,72.91,48.72,
檸檬(元/公斤),2012,13.73,11.33,-,-,-,-,-,-,-,-,-,30.50,
海梨柑(元/公斤),2012,39.88,33.72,34,34.83,-,-,-,-,-,-,-,43,
茂谷柑(元/公斤),2012,32.50,30.33,32.10,-,-,-,-,-,-,-,33,29,
金柑(元/公斤),2012,-,-,-,-,29,-,-,-,-,-,-,-,
李(玉李)(元/公斤),2012,-,-,-,-,30,48.33,-,-,-,-,-,-,
李(紅肉)(元/公斤),2012,-,-,-,-,48,52,38,-,-,-,-,-,
鶯歌桃(元/公斤),2012,-,-,-,48.33,60.33,-,-,-,-,-,-,-,
甜桃(元/公斤),2012,-,-,-,-,-,-,67.33,85,-,-,-,-,
水蜜桃(元/公斤),2012,-,-,-,-,-,-,-,-,-,32.50,27.67,-,
牛心柿(元/公斤),2012,-,-,-,-,-,-,-,-,-,78.55,76.67,-,
甜柿(元/公斤),2012,-,-,-,-,-,-,-,22.87,23.30,21.45,30,-,
紅柿(軟柿)(元/公斤),2012,-,-,-,40.77,18,-,-,-,-,-,-,-,
青梅(手採)(元/公斤),2012,-,-,-,10.20,8.13,-,-,-,-,-,-,-,
青梅(竿採)(元/公斤),2012,-,-,-,-,-,-,35,35,-,-,-,-,
橫山梨(元/公斤),2012,-,-,-,-,-,-,-,52.50,58.15,63,-,-,
新世紀梨(元/公斤),2012,-,-,-,-,-,57.56,71.75,166,-,-,-,-,
豐水梨(元/公斤),2012,-,-,-,-,-,-,-,-,-,-,-,-,
幸水梨(元/公斤),2012,-,-,-,-,-,45,40.36,42.04,48.33,58.33,-,-,
新興梨(元/公斤),2012,40.50,25,34,42.50,104.50,68.06,52.69,65.77,79.49,76.77,72.44,70.52,
巨峰葡萄(元/公斤),2012,35.33,33.95,33.40,35.79,36.64,45.71,51.90,49.61,47.55,46.02,53.30,56.79,
落花生(帶殼)(元/公斤),2012,46.26,45.27,-,-,-,-,-,-,-,-,-,52.92,
紅豆(中等)(元/公斤),2012,80.75,80.17,80.67,80.83,84.17,89.58,79.33,79,78.83,79,79.50,-,
綠豆(省產)(元/公斤),2012,10.25,7.96,7.35,9.26,12.29,14.64,16.09,18.62,19.12,20.34,23.11,25.79,
甘藷(元/公斤),2012,-,-,193.89,258.71,224.72,124.17,127.67,141.33,158.53,195.36,250.03,163.33,
烏龍茶菁(手)(元/公斤),2012,-,-,-,76.50,88.89,60,58.33,55,55,55.83,72.22,-,
烏龍茶菁(機)(元/公斤),2012,-,-,132.78,156.20,134.22,78.11,74,77.67,104.97,111.12,140.07,138,
金萱茶菁(手)(元/公斤),2012,-,-,26.70,45.34,43.51,41,39.33,36.56,37.67,38.45,48.98,-,
金萱茶菁(機)(元/公斤),2012,-,-,-,-,-,366,385.67,389.67,383.83,411.67,-,-,
蓮子(脫殼)(元/公斤),2012,11,10.55,9.98,8.82,10.33,9.15,9.17,10.35,10.03,10.73,11.42,11.19,
紅甘蔗(元/公斤),2012,220.88,224.58,222.50,220.17,219,219.78,227.17,223.22,213.38,215.17,219.15,208.74,
芝麻(黑省產)(元/公斤),2012,7.81,8.15,8.02,8.74,7.60,6.75,7.99,8.40,5.78,5.86,5.67,6.44,
文心蘭(元/支),2012,3.38,4.45,4.85,5.29,5.63,4.67,5,6.33,5.63,5.63,6.62,8.10,
菊花(大菊)(元/支),2012,6.16,9.10,6.20,2.36,3.49,3.15,3.30,3.62,3.84,4.88,3.93,4.99,
玫瑰(黛安娜)(元/支),2012,11.95,11.20,10.67,8.89,7.15,7.82,9.40,10.20,9.41,9.68,9.78,9.64,
火鶴(紅)(元/支),2012,4.97,2.80,2.37,2.09,2.43,2.97,4.54,4.78,4.64,5.20,3.31,4.77,
非洲菊(元/支),2012,57.75,62.83,51.83,33.03,57.04,42.80,61.97,59.37,63.50,78,68.47,59.42,
滿天星(元/ 把),2012,82.50,65.33,63.33,42,22.67,39.67,51,63,36.67,46.67,43.33,67.67,
卡斯比亞(元/把),2012,-,-,-,3.78,4.52,2.35,3.50,4.60,5.17,5.55,4.50,-,
香石竹(康乃馨)大輪(元/支),2012,3.23,4.09,3.72,2.65,3.47,2,2.53,3.95,4.53,5.03,4.05,3.97,
香石竹(康乃馨)中康(元/支),2012,12,11,9.33,7,7.33,8,7,8.33,6.67,9.67,7.17,10.50,
天堂鳥(元/支),2012,4.50,6.33,6.83,6.33,4.50,3.83,3.67,4.83,3.67,5.83,4.67,5.83,
夜來香(元/支),2012,4.75,8.80,7.05,4.70,4.58,4.45,5.55,6.99,5.43,6.79,4.64,5.37,
唐菖蒲(劍蘭)(元/支),2012,-,-,-,-,-,30.39,31.73,29.81,35.40,33.86,25.69,29.77,
葵百合(紅)(元/支),2012,-,-,-,-,-,-,-,-,-,-,-,-,
姬百合(橙)(元/支),2012,23.34,40.20,35.12,25.17,22.33,28.62,29.53,34.14,33.83,37.52,31.21,29.84,
香水百合(白)(元/支),2012,20.03,24.47,21.85,27.15,22,22,23.67,24,24,24,23.33,24.33,
香水百合(黃)(元/支),2012,-,-,-,-,-,-,-,-,-,-,-,-,
聖誕紅(元/盆),2011,4.06,3.25,3.14,3.92,6.10,5.68,3.21,7.48,7.55,9.41,6.61,15.82,
蘿蔔(元/公斤),2011,9.77,7.72,6.96,7.06,7.58,7.73,11.73,12.17,12.77,13.27,13.17,17,
胡蘿蔔(元/公斤),2011,15,-,10.73,10.79,-,-,-,-,-,-,-,-,
牛蒡(元/公斤),2011,33.67,-,-,-,53.32,55.81,41.48,33.33,31.67,35.37,35,20,
生薑(嫩薑)(元/公斤),2011,-,-,-,-,-,-,-,-,-,-,-,-,
生薑(老薑粉薑)(元/公斤),2011,23.67,22.02,22.33,25,28.67,30,20,25.24,31.17,29.42,30.98,31.73,
芋頭(元/公斤),2011,-,-,-,86.86,97.33,69.60,59.53,49.95,40.95,38.83,40,-,
綠竹筍(元/公斤),2011,-,-,-,25.67,21,21.33,16,16,16,17.67,-,-,
烏殼;綠竹筍(元/公斤),2011,60,72.50,60,40,25,28.08,20.48,20.53,19.73,20.51,34.33,50,
麻竹筍(元/公斤),2011,-,-,30,25.67,17.67,11,-,-,-,-,-,-,
桂竹筍(生筍)(元/公斤 ),2011,-,-,-,-,-,-,-,-,-,-,-,-,
轎篙筍(元/公斤),2011,-,-,-,-,67,69.33,70.83,73.17,68.33,62.67,63.33,-,
白蘆筍(元/公斤),2011,-,-,80.56,80.14,76.13,77.66,73.44,76.94,79.67,80.55,77.50,-,
綠蘆筍(元/公斤),2011,-,-,67.50,50,38.33,40.67,53.33,41,37.33,37.67,47.67,-,
茭白筍(帶殼)(元/公斤),2011,8.17,7,7.17,-,-,-,-,-,-,-,-,-,
大芥菜(鮮食)(元/公斤),2011,13.90,12.54,11.69,11.56,10.83,11.73,12.47,12.33,12.57,11.50,13.40,15.22,
馬鈴薯(食用)(元/公斤),2011,20.94,18.79,18.31,18.61,19.33,20.73,26.31,35.81,40.12,39.32,39.80,42.02,
青蔥(元/公斤),2011,13.93,14.60,13.22,13.24,11.18,14,14,-,-,-,-,15.53,
洋蔥(內銷)(元/公斤),2011,41.14,30.29,35.53,41.61,40,-,-,-,-,-,-,57.50,
青蒜(元/公斤),2011,83.30,75.15,45.55,40.58,32.88,26.30,25.04,24.12,24.14,21.68,21.81,23.67,
蒜頭(蒜球)(元/公斤),2011,19.11,23.33,20.79,20.78,14.72,13.72,14.56,16.11,22.05,27.33,26.33,27.56,
韭菜(元/公斤),2011,-,-,-,-,-,-,-,-,-,-,-,-,
韭黃(元/公斤),2011,-,-,-,-,-,-,-,-,-,-,-,-,
蕹菜(空心菜)(元/公斤),2011,19.94,19.42,21.83,27.11,22.75,-,-,-,-,-,-,-,
芹菜(土芹菜)(元/公斤),2011,7.39,4.05,3.31,2.85,4.36,7.61,10.02,13.69,16.26,15.72,8.78,21.53,
甘藍(元/公斤),2011,16.73,6.80,16.22,18.21,20.47,-,-,-,-,-,-,-,
甘藍芽(元/公斤),2011,15,11.50,11.08,11.42,11,11.28,13.50,13.13,16.25,17.33,25.25,49.08,
小白菜(元/公斤),2011,13.88,10.25,10.05,11.67,11.83,10.83,13,13.50,13.50,12.83,22.33,46.67,
青江白菜(元/公斤),2011,6.79,3.36,3.95,4.33,6.96,9.16,9.86,11.17,11.67,13.58,9.07,22.21,
結球白菜(元/ 公斤),2011,17.67,10.50,13.42,15.78,-,35.48,38.01,76.38,42.37,29.18,33.85,61.67,
菠菜(元/公斤),2011,-,-,-,-,-,-,-,-,-,-,-,-,
芥藍(元/公斤),2011,38.67,-,24.33,21.67,17.83,16.70,14.67,14.67,19.33,23,40.67,58.67,
莧菜(元/公斤),2011,17.83,12,12.67,12.67,12,-,-,-,-,-,-,-,
本島萵苣(元/公斤),2011,7.17,9,9.89,11.50,10,-,-,-,-,-,-,-,
萵苣(油麥菜)(元/公斤),2011,28.78,12.42,20.83,22.33,-,-,-,-,45,37.33,31.11,51,
茼萵(元/公斤),2011,12.82,9.07,10.16,10.21,17.29,24.10,27.22,21.22,26.78,24.78,21.26,42.91,
花椰菜(白)(元/公斤),2011,14.49,11.21,10.94,12.59,14.12,-,-,-,-,-,-,-,
青花苔(元/公斤),2011,566.67,570.84,570.56,580.28,581.95,594.45,598.89,599.44,596.67,597.78,583.33,579.45,
金針菜  (乾)(元/公斤),2011,11.68,15.50,13.38,9.25,9.50,11.08,11.86,12.91,13.92,12.98,18.54,36.54,
胡瓜(黑刺)(元/公斤),2011,17.04,18.37,19.11,19.83,21.17,19.43,22.12,26.67,24.78,29.87,36.67,51.42,
花胡瓜(元/公斤),2011,-,-,-,10.03,7.48,-,-,-,-,-,-,-,
冬瓜(元/公斤),2011,44.33,86.13,62.71,37.90,28.84,20.89,20.20,20.69,26.95,31.86,35.63,55.88,
苦瓜(元/公斤),2011,-,-,-,-,-,-,-,-,-,-,-,-,
絲瓜(菱角)(元/公斤),2011,22.65,16.51,17.37,18.47,14.56,14.28,16.98,14.10,16.38,14.78,23.32,35.85,
絲瓜(元/公斤),2011,11.33,12.34,13.89,11.78,9,-,-,-,-,-,-,-,
扁蒲(元/公斤),2011,32.07,21.63,19.47,19.47,17.86,22.11,16.05,18.11,21.78,20.43,21.28,32.73,
茄子(元/公斤),2011,23.69,13.90,16.58,16.18,11.83,14.72,27.60,25.03,27.64,31.64,32.34,30.65,
番茄(黑柿)(元/公斤),2011,-,-,-,-,-,-,-,-,-,-,-,-,
小蕃茄(聖女)(元/公斤),2011,25.58,18.66,19.89,20.82,16.82,29.31,24.36,26.23,27.97,29.50,25.34,41.25,
甜椒(青椒)(元/公斤),2011,-,-,-,14.63,12.90,14.39,15.33,15.33,-,-,13,-,
西瓜(大粒)(元/公斤),2011,-,-,20.33,14.37,13.31,16.04,13.70,11.45,13.72,15.33,13.50,-,
西瓜(小粒)(元/公斤),2011,-,-,-,-,17.23,-,-,-,-,-,-,-,
西瓜(無子)(元/公斤),2011,41.33,39,43.58,42.83,31.38,35.18,28.76,27.52,26.04,31.68,25,27.67,
洋香瓜(元/ 公斤),2011,-,-,81.67,56.72,32.77,40.11,38,36.28,37.60,35.33,34,-,
香瓜(美濃瓜)(元/公斤),2011,33.13,62.34,39.45,34.11,38.75,44.25,52.09,57.38,57.26,55.62,48.85,64.97,
敏豆(四季豆)(元/公斤),2011,35.44,47.50,40.22,27.78,23.78,21.89,19.22,21.25,27.83,37,44.25,60,
豇豆(元/公斤),2011,63.36,31.64,37.85,56.33,48,-,-,-,-,-,92.67,121.65,
豌豆(元/公斤),2011,46.17,40.50,37.67,40.33,-,-,-,-,-,-,-,-,
甜豌豆(元/公斤),2011,24.85,14.70,14.37,14.70,14.60,-,-,-,-,-,-,-,
毛豆(帶莢)(元/公斤),2011,64.22,50.33,56.55,78.67,41.74,38.74,25.01,20,27.33,53.33,47.78,55.36,
辣椒(元/公斤),2011,15.19,12.06,11.29,12.21,11.93,11.42,11.33,11.27,13.06,12.16,12.74,14.69,
甜玉米(鮮食)(元/公斤),2011,78.83,81,-,-,-,-,-,58.33,51.33,55,75,81.33,
蓮藕(元/公斤),2011,135.62,120.84,99.45,62.78,-,-,-,-,-,-,-,98.33,
草莓(元/公斤),2011,81.80,81.25,79.58,97.50,100,100,100,93.33,96.67,100,95,84.67,
洋菇(元/公斤),2011,904.17,902.50,895,901.67,912.50,932.50,964.17,990.83,1010.83,980,970.83,989.17,
香菇(太空包)乾(元/公斤),2011,66,66.34,63.33,63.33,63.33,66.67,72.22,73.33,76.33,71.11,69.44,68.44,
香菇(太空包)鮮(元/公斤),2011,50,46,42,45.33,39.33,37.67,42.67,45.33,44.33,43.33,31.83,32.50,
木耳(黑色溼)(元/公斤),2011,94.67,97,77.67,78.33,74.67,-,-,-,-,-,-,-,
鮑魚菇(元/公斤),2011,-,-,-,-,-,73.44,74.22,77.67,81.67,81.78,81.33,85,
杏鮑菇(元/公斤),2011,16.67,17,20.67,22,-,-,-,-,31.33,25.33,20.58,18.17,
葡萄柚(元/公斤),2011,-,-,69.45,76.05,64.58,55.42,43.67,-,-,-,-,-,
芒果(在來)(元/公斤),2011,-,-,-,104.21,86.06,66.59,40.21,50.36,-,-,-,-,
芒果(愛文)(元/公斤),2011,-,-,-,-,50,29.88,22.78,26.97,-,-,-,-,
芒果(金煌)(元/公斤),2011,-,-,-,-,-,-,-,-,-,-,-,-,
番石榴(泰國)(元/公斤),2011,-,-,-,-,-,-,-,-,-,-,-,-,
番石榴(世紀)(元/公斤),2011,35,16.75,26.28,17.96,16.24,29.27,13.71,10.21,13.25,19.91,25.29,25.47,
番石榴(珍珠)(元/公斤),2011,63.46,55.56,61.71,62.30,45.39,40.47,-,-,-,-,64.64,53.93,
蓮霧(元/公斤),2011,-,90,115.83,116.75,-,-,-,-,-,-,-,-,
枇杷(元/公斤),2011,-,-,-,-,-,27.99,20.88,-,-,-,-,-,
荔枝(黑葉)(元/公斤),2011,-,-,-,-,95,86.01,-,-,-,-,-,-,
荔枝(玉荷)(元/公斤),2011,-,-,-,-,-,-,70,29.91,20.31,45,-,-,
龍眼(大粒)(元/公斤),2011,52.90,56.57,65.08,-,-,-,-,-,-,-,47.25,51.33,
棗子(元/公斤),2011,59.33,59.25,77.25,-,-,-,-,74.55,59,59.56,60.11,52.67,
番荔枝(元/公斤),2011,27.42,20.19,20.50,26.33,-,-,-,29,20.33,20.28,22.08,20.69,
楊桃(馬來種)(元/公斤),2011,-,-,-,-,-,64.50,49.22,42,51.56,53.33,64,74.33,
酪梨(元/公斤),2011,5.17,5.07,5.31,5.55,6,6.56,6.50,5.50,5.42,5.50,5.17,5.25,
椰子(元/公斤),2011,0.71,1.19,1.30,1.56,2.14,2.74,1.76,1.18,0.93,0.67,0.39,0.44,
檳榔(元/ 粒),2011,30.93,18.20,21.87,27.92,23.79,14.61,13.59,24.01,18.46,18.39,30.61,17.28,
木瓜(元/公斤),2011,-,-,-,-,-,69.33,43.17,31.67,20.83,19,20.50,13,
百香果(元/公斤),2011,24.96,26.90,25.06,29.58,21.30,11.13,8.77,8.88,7.29,8.01,10.94,12.60,
香蕉(內銷)(元/公斤),2011,-,-,-,-,-,21.06,17.97,15.15,17.50,19.44,17.75,-,
鳳梨(開英)(元/公斤),2011,16.67,17.50,17.66,16.71,18.51,26.98,23.26,18.98,20.39,21,15.83,17,
鳳梨(17號)(元/公斤),2011,-,-,-,-,-,90.67,39,33.33,46.80,44.17,49.17,-,
紅龍果(元/公斤),2011,20.09,17,-,-,-,-,-,-,-,31.93,20.18,17.22,
椪柑(元/公斤),2011,35.20,34.82,37.10,38.67,-,-,-,-,-,-,-,-,
桶柑(元/公斤),2011,-,-,-,-,-,-,-,26.23,25.25,-,-,-,
文旦(元/公斤),2011,9.73,10.92,12.31,12.38,-,-,-,-,-,13.67,11.44,11.68,
柳橙(元/公斤),2011,46.61,40.92,33.56,32.90,32.48,44.77,28.92,14.28,17.41,23.65,41.57,43.71,
檸檬(元/公斤),2011,23.17,-,-,-,-,-,-,-,-,-,-,12,
海梨柑(元/公斤),2011,41.85,42.63,41.33,35.50,-,-,-,-,-,-,-,31,
茂谷柑(元/公斤),2011,-,-,-,-,-,-,-,-,-,-,-,-,
金柑(元/公斤),2011,-,-,-,-,19,-,-,-,-,-,-,-,
李(玉李)(元/公斤),2011,-,-,-,-,25,39,-,-,-,-,-,-,
李(紅肉)(元/公斤),2011,-,-,-,-,-,47.50,41,-,-,-,-,-,
鶯歌桃(元/公斤),2011,-,-,-,49.17,47.67,-,-,-,-,-,-,-,
甜桃(元/公斤),2011,-,-,-,-,-,-,62.22,62.85,-,-,-,-,
水蜜桃(元/公斤),2011,-,-,-,-,-,-,-,-,-,19.50,16.67,-,
牛心柿(元/公斤),2011,-,-,-,-,-,-,-,-,-,69.11,61.78,67.33,
甜柿(元/公斤),2011,-,-,-,-,-,-,-,17.90,17.33,16.37,23,-,
紅柿(軟柿)(元/公斤),2011,-,-,45.67,41.89,30.75,-,-,-,-,-,-,-,
青梅(手採)(元/公斤),2011,-,-,-,11.03,9.61,-,-,-,-,-,-,-,
青梅(竿採)(元/公斤),2011,-,-,-,-,-,-,40,25,9,-,-,-,
橫山梨(元/公斤),2011,-,-,-,-,-,-,-,40,40.33,40.67,39.74,-,
新世紀梨(元/公斤),2011,-,-,-,-,-,59.61,41.44,-,-,-,-,-,
豐水梨(元/公斤),2011,-,-,-,-,-,-,-,-,-,-,-,-,
幸水梨(元/公斤),2011,-,-,-,-,-,-,40.36,34.18,34.11,29.67,-,-,
新興梨(元/公斤),2011,55.50,58,81.67,73.67,60,77.89,48.50,44.67,72.67,72.50,63.50,43.73,
巨峰葡萄(元/公斤),2011,49.76,49.87,50.21,52.04,53.31,52.20,46.15,45.75,42.34,40.90,36.49,36.65,
落花生(帶殼)(元/公斤),2011,71.45,74.38,76,-,-,-,-,-,-,-,-,58.42,
紅豆(中等)(元/公斤),2011,79.67,79.75,78.83,80.17,81.67,85.50,81.83,81,80.83,80.67,80.83,-,
綠豆(省產)(元/公斤),2011,14.52,15.86,15.99,16.44,15.93,22.42,23.29,24.17,16.69,11.64,12.67,11.76,
甘藷(元/公斤),2011,-,-,186.67,257.61,242.13,190.07,140,141.67,173.83,199.46,256.63,163.33,
烏龍茶菁(手)(元/公斤),2011,-,-,-,85,82.22,71.67,60,55,53.89,56.88,66.65,-,
烏龍茶菁(機)(元/公斤),2011,-,-,146.67,158.97,145.81,130.50,100,88.33,97.42,112.51,157.72,128.33,
金萱茶菁(手)(元/公斤),2011,-,-,30,54.22,47.44,46.44,39.11,35.78,35.26,37.26,49.22,-,
金萱茶菁(機)(元/公斤),2011,-,-,-,-,-,300,345,330,326.67,361.67,-,-,
蓮子(脫殼)(元/公斤),2011,8.73,9.34,8.78,8.68,7.77,8.12,8.26,9.36,9.91,11.01,10.83,11.03,
紅甘蔗(元/公斤),2011,235.62,240.25,243.67,240.33,226.67,217.11,223.33,212.47,214.20,220.60,236.10,219.96,
芝麻(黑省產)(元/公斤),2011,8.61,9.03,7.88,8.33,7.21,7.03,7.78,7.61,7.66,6.04,5.55,6.01,
文心蘭(元/支),2011,6.31,6.17,5.08,4.15,3.08,4.50,4.25,5.32,5.99,5.91,5.32,3.82,
菊花(大菊)(元/支),2011,6.99,11.34,7.48,2.79,3.38,3.30,3.43,3.47,3.80,4.40,4.49,5.18,
玫瑰(黛安娜)(元/支),2011,15.13,14.49,12.45,11.96,8.83,8.79,9.88,10.58,10.03,10.34,9.43,9.76,
火鶴(紅)(元/支),2011,4.30,2.47,1.73,2.02,1.76,2.04,2.90,3.16,3.44,3.74,3.19,3.67,
非洲菊(元/支),2011,75.38,64.50,35.67,40.55,42.80,39.77,51.90,72.67,75.03,102.20,63.83,49.67,
滿天星(元/ 把),2011,56.67,63,35.33,30,20,41.67,35,43.33,50.33,60.33,46.67,50,
卡斯比亞(元/把),2011,4.85,4.50,3.83,3.94,4.41,2.01,1.88,3.35,3.37,3.58,2.75,2.80,
香石竹(康乃馨)大輪(元/支),2011,-,-,-,-,-,-,-,-,-,-,-,-,
香石竹(康乃馨)中康(元/支),2011,11.17,12,10.33,5.33,4.43,4.17,6.67,4.73,6.40,7.93,8.17,10.67,
天堂鳥(元/支),2011,5.17,3.25,3.83,5,3.83,3.33,4.17,4.33,6,5.67,3.83,4.50,
夜來香(元/支),2011,7.03,3.37,4.15,4.12,4.66,4.46,6.23,5.85,6.46,6.53,4.14,4.73,
唐菖蒲(劍蘭)(元/支),2011,-,-,-,-,-,37,-,-,-,-,20.87,21.46,
葵百合(紅)(元/支),2011,-,-,-,-,-,-,-,-,-,-,-,-,
姬百合(橙)(元/支),2011,32.73,23.47,22.95,18.50,18.33,23.33,31,31,34,35,28.52,22.66,
香水百合(白)(元/支),2011,25.62,21.53,27.48,23.27,22,23.33,24,24,24,24,24,24,
香水百合(黃)(元/支),2011,-,-,-,-,-,-,-,-,-,-,-,-,
聖誕紅(元/盆),2010,4.84,4.44,5.54,6.98,7.07,7.87,9.68,9.03,8.73,13.19,12.43,4.36,
蘿蔔(元/公斤),2010,8.68,7.62,7.09,8.66,9.22,11.70,12.47,12.93,13.33,14.07,15.07,13.58,
胡蘿蔔(元/公斤),2010,-,-,12.47,12.47,-,-,-,-,-,-,-,-,
牛蒡(元/公斤),2010,30,-,-,-,54.42,44.83,40.30,38,38.12,39.89,33.67,35.33,
生薑(嫩薑)(元/公斤),2010,-,-,-,-,-,-,-,-,-,-,-,-,
生薑(老薑粉薑)(元/公斤),2010,35.16,34.16,32,31.33,27.67,22,19.33,17.61,20.80,20.83,23.96,24.11,
芋頭(元/公斤),2010,-,-,-,90.31,73.87,65.60,53.41,52.81,47.20,58.44,36,-,
綠竹筍(元/公斤),2010,-,-,-,25,15.33,19.67,14.67,16.83,17.50,23.67,-,-,
烏殼;綠竹筍(元/公斤),2010,75,75,61.67,53.33,37.33,31.86,22.60,22.33,23.93,30.18,48.33,50,
麻竹筍(元/公斤),2010,-,-,25,19.33,20,-,-,-,-,-,-,-,
桂竹筍(生筍)(元/公斤 ),2010,-,-,-,-,-,-,-,-,-,-,-,-,
轎篙筍(元/公斤),2010,-,-,-,-,67.50,69.50,73.33,75.17,76.17,74.67,75,-,
白蘆筍(元/公斤),2010,-,70,72.78,70,70.32,72.22,74.56,73.27,73.61,75.28,66.67,-,
綠蘆筍(元/公斤),2010,-,81,67,41.67,39.67,51,48,44,33.67,44.67,47.33,-,
茭白筍(帶殼)(元/公斤),2010,8,10,15,-,-,-,-,-,-,-,-,-,
大芥菜(鮮食)(元/公斤),2010,17.36,12.97,12.66,11.83,13.83,13.37,13.23,14,14.33,15.07,14.50,12.76,
馬鈴薯(食用)(元/公斤),2010,16.12,16.29,22.24,25.65,24.61,25.11,26.76,33.65,41.94,41.21,29.43,21.89,
青蔥(元/公斤),2010,12.33,10.40,10.72,13.53,17.88,18.72,18.43,22.70,-,-,23.50,20.50,
洋蔥(內銷)(元/公斤),2010,27.31,19.82,25.51,28.51,-,-,-,-,-,-,-,34.68,
青蒜(元/公斤),2010,66.66,72,53.96,65.16,76.21,79.01,79.64,87.69,96.21,92.06,87.77,87.18,
蒜頭(蒜球)(元/公斤),2010,18.90,18.42,19.39,17.39,14.72,17.59,21.20,17.67,23.94,25.67,25.83,15.08,
韭菜(元/公斤),2010,-,-,-,-,-,-,-,-,-,-,-,-,
韭黃(元/公斤),2010,-,-,-,-,-,-,-,-,-,-,-,-,
蕹菜(空心菜)(元/公斤),2010,25.33,22.04,26.13,23.08,17.75,-,-,-,-,-,-,-,
芹菜(土芹菜)(元/公斤),2010,4.43,4.32,7.02,8.51,7.15,8.06,12.31,17.15,18.03,9.06,15.49,6.94,
甘藍(元/公斤),2010,21.09,13.13,21.49,19.80,19.72,-,-,-,-,-,-,-,
甘藍芽(元/公斤),2010,14,12,16.83,12.75,10.25,14.08,14.25,17.42,19.33,19.67,18.92,15.08,
小白菜(元/公斤),2010,13,9.63,17.38,11.28,8.11,11.94,14.50,14.22,15.34,16.23,15.30,9.79,
青江白菜(元/公斤),2010,4.62,6.39,12.53,10.68,6.33,12.07,11.29,11.21,10.86,14.20,13.24,5.39,
結球白菜(元/ 公斤),2010,17.13,13.25,23.53,18.56,-,26,38.33,62.30,63,60.44,31.16,18.50,
菠菜(元/公斤),2010,12,14,21.33,13.33,8,-,-,-,-,-,-,-,
芥藍(元/公斤),2010,31,-,26.67,25,15.33,23.33,17.67,18.67,26.33,29,28.67,23,
莧菜(元/公斤),2010,16.11,13.67,20.22,16.11,10.33,-,-,-,-,-,-,-,
本島萵苣(元/公斤),2010,12.61,9.48,14.42,11.67,9.06,-,-,-,-,-,-,-,
萵苣(油麥菜)(元/公斤),2010,19.78,12.50,30.17,25,-,-,-,-,-,51,39.42,26.53,
茼萵(元/公斤),2010,15.94,14.90,17.69,13.61,11.61,27.19,33.06,24.56,29.21,31.78,23.75,13.28,
花椰菜(白)(元/公斤),2010,18.12,11.78,13.62,18.87,27.68,-,-,-,-,-,-,-,
青花苔(元/公斤),2010,512,527.50,480,508.33,470,470,473.33,478.61,533.11,518.33,536.67,538.89,
金針菜  (乾)(元/公斤),2010,21.48,19.06,18.52,14.50,9.73,17.28,17.86,12.98,16.16,26.43,16.28,9.75,
胡瓜(黑刺)(元/公斤),2010,30.74,36.25,30.33,21.12,18,24.67,26.33,22.71,32,45.61,26.62,16.04,
花胡瓜(元/公斤),2010,5,5.75,5.58,6.79,6.90,-,-,-,-,-,-,-,
冬瓜(元/公斤),2010,31.05,39.14,36.75,26.87,19.30,25.88,25.57,23.79,34.41,51.98,52.86,43.05,
苦瓜(元/公斤),2010,-,-,-,-,-,-,-,-,-,-,-,-,
絲瓜(菱角)(元/公斤),2010,21.63,22.17,27.63,19.14,13.30,20.05,17.68,14.40,16.77,21.53,21.50,16.83,
絲瓜(元/公斤),2010,11.53,9.01,14.75,9.21,6.88,-,-,-,-,-,-,-,
扁蒲(元/公斤),2010,11,8.33,12.53,17.33,17.48,27.44,22.53,21.89,27.78,42.43,35.89,35.67,
茄子(元/公斤),2010,20.93,14.62,17.65,22.47,22.44,24.08,32.55,37.96,28.17,30.55,28.21,36.11,
番茄(黑柿)(元/公斤),2010,-,-,-,-,-,-,-,-,-,-,-,-,
小蕃茄(聖女)(元/公斤),2010,11.40,12.77,21.04,20.15,17.74,23.48,37,24,30,41.06,42.63,24.36,
甜椒(青椒)(元/公斤),2010,-,-,13,12.43,12.77,10.59,12.87,8.50,-,-,-,17,
西瓜(大粒)(元/公斤),2010,-,-,23.67,14.47,11.42,8.02,13.93,14.42,11.50,21,14.67,22,
西瓜(小粒)(元/公斤),2010,-,-,-,16.70,14.75,-,-,-,-,-,-,-,
西瓜(無子)(元/公斤),2010,46,43.50,45.50,38.58,41.11,32.08,35.40,33.17,30.33,39.17,29.33,40.33,
洋香瓜(元/ 公斤),2010,-,-,45,41.55,32.28,28.89,31.33,34.83,34.80,38.55,45,-,
香瓜(美濃瓜)(元/公斤),2010,42.20,48.67,42.11,36.89,46.22,57.47,57.28,57.26,55,66.87,68.24,35.39,
敏豆(四季豆)(元/公斤),2010,35.11,32.67,39.56,29.56,23.22,28.67,28.52,21.67,29.58,47.67,47.33,30.22,
豇豆(元/公斤),2010,50.15,40.25,63.61,68.33,-,-,-,-,-,-,111.17,52.71,
豌豆(元/公斤),2010,51.33,42.75,37.33,32,-,-,-,-,-,-,-,-,
甜豌豆(元/公斤),2010,17.08,14.10,14.50,14.50,13.62,-,-,-,-,-,-,-,
毛豆(帶莢)(元/公斤),2010,22.08,18.63,19.33,20.33,19.82,24.74,38.20,29.17,44,54.83,76.45,63.22,
辣椒(元/公斤),2010,19.71,9.50,8.49,8,9.17,10.90,11.48,12.08,12.15,16.36,21.45,13.10,
甜玉米(鮮食)(元/公斤),2010,79.67,81.75,-,-,-,-,-,62,60,53.33,75,79,
蓮藕(元/公斤),2010,142.22,91.34,73.11,58.61,-,-,-,-,-,-,-,133.33,
草莓(元/公斤),2010,81.67,81.88,85.13,97.50,100,100,100,100,100,100,95,84.44,
洋菇(元/公斤),2010,845,904.13,852.50,829.17,837.50,847.50,831.67,834.17,845,845,845.42,846.25,
香菇(太空包)乾(元/公斤),2010,60.11,62.50,58.33,56.78,55.89,57.67,61.67,63.89,63.89,63.89,63.33,63.33,
香菇(太空包)鮮(元/公斤),2010,38.17,37,36.33,29.67,29.67,27.67,27,31,37.67,38.33,41.67,45.67,
木耳(黑色溼)(元/公斤),2010,73,74,79.67,79.67,76.50,-,-,-,-,-,-,-,
鮑魚菇(元/公斤),2010,-,-,-,-,-,76.56,77.78,77.45,82.45,86.67,86.56,86.78,
杏鮑菇(元/公斤),2010,16.17,15.75,26.17,24.33,-,-,-,-,35.67,19.39,17,15.75,
葡萄柚(元/公斤),2010,-,-,70,47.67,34.02,24.81,-,-,-,-,-,-,
芒果(在來)(元/公斤),2010,-,-,-,135.80,72.32,36.34,46.13,65.33,-,-,-,-,
芒果(愛文)(元/公斤),2010,-,-,-,46,40.22,24.58,24.50,45.10,-,-,-,-,
芒果(金煌)(元/公斤),2010,-,-,-,-,-,-,-,-,-,-,-,-,
番石榴(泰國)(元/公斤),2010,-,-,-,-,-,-,-,-,-,-,-,-,
番石榴(世紀)(元/公斤),2010,25.53,9.42,9.01,20.29,19.92,13.54,12.58,17.12,18.40,21,33.62,41.64,
番石榴(珍珠)(元/公斤),2010,69.71,50.82,43.75,46.32,47.13,36.02,-,-,-,-,69.98,69.88,
蓮霧(元/公斤),2010,-,-,85.97,81.67,-,-,-,-,-,-,-,-,
枇杷(元/公斤),2010,-,-,-,-,41,24.09,19.58,-,-,-,-,-,
荔枝(黑葉)(元/公斤),2010,-,-,-,-,104.11,69.60,-,-,-,-,-,-,
荔枝(玉荷)(元/公斤),2010,-,-,-,-,-,-,41.76,23.76,21.19,-,-,-,
龍眼(大粒)(元/公斤),2010,60.13,26.97,21.48,-,-,-,-,-,-,-,60,58.10,
棗子(元/公斤),2010,50.22,57.75,57,-,-,-,71,58.89,55.50,58.89,57.67,57.22,
番荔枝(元/公斤),2010,27.92,24.72,17.75,18.33,-,24,24.33,23.58,18.17,25,24.42,25.58,
楊桃(馬來種)(元/公斤),2010,-,-,-,-,-,51,39.72,37.11,41.95,52.33,65,70.33,
酪梨(元/公斤),2010,4.06,4.29,5.13,5.28,5.44,5.50,5.78,5.61,6.17,5.67,4.83,5.50,
椰子(元/公斤),2010,0.80,1.04,1.18,1.68,2.67,3.24,2.69,1.70,1.07,0.64,0.42,0.44,
檳榔(元/ 粒),2010,48.10,47.43,44.47,33.44,25.52,14.27,16.71,21.81,14.77,22.90,22.38,45.78,
木瓜(元/公斤),2010,-,-,-,-,-,36.50,35.67,36.50,34.50,28.33,30.67,33.33,
百香果(元/公斤),2010,26.22,20.40,14.57,18.62,13.71,6.58,6.41,8.45,6.89,10.90,11.42,15.92,
香蕉(內銷)(元/公斤),2010,-,-,-,20,15,14.03,15.50,17.13,16.28,15,15,-,
鳳梨(開英)(元/公斤),2010,17.67,22.50,23.98,21.63,19.56,13.68,15.12,20.43,16.86,21,19.67,15.33,
鳳梨(17號)(元/公斤),2010,-,-,-,-,-,-,25,29.17,35.62,49.67,69.83,-,

